[
  {
    "problem": "Contains Duplicate",
    "pattern": "Arrays & Hashing",
    "link": "contains-duplicate/",
    "video": "3OamzN90kPg",
    "difficulty": "Easy",
    "code": "0217-contains-duplicate",
    "neetcode150": true,
    "blind75": true,
    "neetcode250": true,
    "ncLink": "duplicate-integer/"
  },
  {
    "problem": "Valid Anagram",
    "pattern": "Arrays & Hashing",
    "link": "valid-anagram/",
    "video": "9UtInBqnCgA",
    "difficulty": "Easy",
    "code": "0242-valid-anagram",
    "neetcode150": true,
    "blind75": true,
    "neetcode250": true,
    "ncLink": "is-anagram/"
  },
  {
    "problem": "Two Sum",
    "pattern": "Arrays & Hashing",
    "link": "two-sum/",
    "video": "KLlXCFG5TnA",
    "difficulty": "Easy",
    "code": "0001-two-sum",
    "neetcode150": true,
    "blind75": true,
    "neetcode250": true,
    "ncLink": "two-integer-sum/"
  },
  {
    "problem": "Group Anagrams",
    "pattern": "Arrays & Hashing",
    "link": "group-anagrams/",
    "video": "vzdNOK2oB2E",
    "difficulty": "Medium",
    "code": "0049-group-anagrams",
    "neetcode150": true,
    "blind75": true,
    "neetcode250": true,
    "ncLink": "anagram-groups/"
  },
  {
    "problem": "Top K Frequent Elements",
    "pattern": "Arrays & Hashing",
    "link": "top-k-frequent-elements/",
    "video": "YPTqKIgVk-k",
    "difficulty": "Medium",
    "code": "0347-top-k-frequent-elements",
    "neetcode150": true,
    "blind75": true,
    "neetcode250": true,
    "ncLink": "top-k-elements-in-list/"
  },
  {
    "problem": "Encode and Decode Strings",
    "pattern": "Arrays & Hashing",
    "link": "encode-and-decode-strings/",
    "video": "B1k_sxOSgv8",
    "difficulty": "Medium",
    "code": "0271-encode-and-decode-strings",
    "neetcode150": true,
    "blind75": true,
    "neetcode250": true,
    "ncLink": "string-encode-and-decode/",
    "premium": true
  },
  {
    "problem": "Product of Array Except Self",
    "pattern": "Arrays & Hashing",
    "link": "product-of-array-except-self/",
    "video": "bNvIQI2wAjk",
    "difficulty": "Medium",
    "code": "0238-product-of-array-except-self",
    "neetcode150": true,
    "blind75": true,
    "neetcode250": true,
    "ncLink": "products-of-array-discluding-self/"
  },
  {
    "problem": "Longest Consecutive Sequence",
    "pattern": "Arrays & Hashing",
    "link": "longest-consecutive-sequence/",
    "video": "P6RZZMu_maU",
    "difficulty": "Medium",
    "code": "0128-longest-consecutive-sequence",
    "neetcode150": true,
    "blind75": true,
    "neetcode250": true,
    "ncLink": "longest-consecutive-sequence/"
  },
  {
    "problem": "Valid Palindrome",
    "pattern": "Two Pointers",
    "link": "valid-palindrome/",
    "video": "jJXJ16kPFWg",
    "difficulty": "Easy",
    "code": "0125-valid-palindrome",
    "neetcode150": true,
    "blind75": true,
    "neetcode250": true,
    "ncLink": "is-palindrome/"
  },
  {
    "problem": "3Sum",
    "pattern": "Two Pointers",
    "link": "3sum/",
    "video": "jzZsG8n2R9A",
    "difficulty": "Medium",
    "code": "0015-3sum",
    "neetcode150": true,
    "blind75": true,
    "neetcode250": true,
    "ncLink": "three-integer-sum/"
  },
  {
    "problem": "Container With Most Water",
    "pattern": "Two Pointers",
    "link": "container-with-most-water/",
    "video": "UuiTKBwPgAo",
    "difficulty": "Medium",
    "code": "0011-container-with-most-water",
    "neetcode150": true,
    "blind75": true,
    "neetcode250": true,
    "ncLink": "max-water-container/"
  },
  {
    "problem": "Best Time to Buy And Sell Stock",
    "pattern": "Sliding Window",
    "link": "best-time-to-buy-and-sell-stock/",
    "video": "1pkOgXD63yU",
    "difficulty": "Easy",
    "code": "0121-best-time-to-buy-and-sell-stock",
    "neetcode150": true,
    "blind75": true,
    "neetcode250": true,
    "ncLink": "buy-and-sell-crypto/"
  },
  {
    "problem": "Longest Substring Without Repeating Characters",
    "pattern": "Sliding Window",
    "link": "longest-substring-without-repeating-characters/",
    "video": "wiGpQwVHdE0",
    "difficulty": "Medium",
    "code": "0003-longest-substring-without-repeating-characters",
    "neetcode150": true,
    "blind75": true,
    "neetcode250": true,
    "ncLink": "longest-substring-without-duplicates/"
  },
  {
    "problem": "Longest Repeating Character Replacement",
    "pattern": "Sliding Window",
    "link": "longest-repeating-character-replacement/",
    "video": "gqXU1UyA8pk",
    "difficulty": "Medium",
    "code": "0424-longest-repeating-character-replacement",
    "neetcode150": true,
    "blind75": true,
    "neetcode250": true,
    "ncLink": "longest-repeating-substring-with-replacement/"
  },
  {
    "problem": "Minimum Window Substring",
    "pattern": "Sliding Window",
    "link": "minimum-window-substring/",
    "video": "jSto0O4AJbM",
    "difficulty": "Hard",
    "code": "0076-minimum-window-substring",
    "neetcode150": true,
    "blind75": true,
    "neetcode250": true,
    "ncLink": "minimum-window-with-characters/"
  },
  {
    "problem": "Valid Parentheses",
    "pattern": "Stack",
    "link": "valid-parentheses/",
    "video": "WTzjTskDFMg",
    "difficulty": "Easy",
    "code": "0020-valid-parentheses",
    "neetcode150": true,
    "blind75": true,
    "neetcode250": true,
    "ncLink": "validate-parentheses/"
  },
  {
    "problem": "Find Minimum In Rotated Sorted Array",
    "pattern": "Binary Search",
    "link": "find-minimum-in-rotated-sorted-array/",
    "video": "nIVW4P8b1VA",
    "difficulty": "Medium",
    "code": "0153-find-minimum-in-rotated-sorted-array",
    "neetcode150": true,
    "blind75": true,
    "neetcode250": true,
    "ncLink": "find-minimum-in-rotated-sorted-array/"
  },
  {
    "problem": "Search In Rotated Sorted Array",
    "pattern": "Binary Search",
    "link": "search-in-rotated-sorted-array/",
    "video": "U8XENwh8Oy8",
    "difficulty": "Medium",
    "code": "0033-search-in-rotated-sorted-array",
    "neetcode150": true,
    "blind75": true,
    "neetcode250": true,
    "ncLink": "find-target-in-rotated-sorted-array/"
  },
  {
    "problem": "Reverse Linked List",
    "pattern": "Linked List",
    "link": "reverse-linked-list/",
    "video": "G0_I-ZF0S38",
    "difficulty": "Easy",
    "code": "0206-reverse-linked-list",
    "neetcode150": true,
    "blind75": true,
    "neetcode250": true,
    "ncLink": "reverse-a-linked-list/"
  },
  {
    "problem": "Merge Two Sorted Lists",
    "pattern": "Linked List",
    "link": "merge-two-sorted-lists/",
    "video": "XIdigk956u0",
    "difficulty": "Easy",
    "code": "0021-merge-two-sorted-lists",
    "neetcode150": true,
    "blind75": true,
    "neetcode250": true,
    "ncLink": "merge-two-sorted-linked-lists/"
  },
  {
    "problem": "Linked List Cycle",
    "pattern": "Linked List",
    "link": "linked-list-cycle/",
    "video": "gBTe7lFR3vc",
    "difficulty": "Easy",
    "code": "0141-linked-list-cycle",
    "neetcode150": true,
    "blind75": true,
    "neetcode250": true,
    "ncLink": "linked-list-cycle-detection/"
  },
  {
    "problem": "Reorder List",
    "pattern": "Linked List",
    "link": "reorder-list/",
    "video": "S5bfdUTrKLM",
    "difficulty": "Medium",
    "code": "0143-reorder-list",
    "neetcode150": true,
    "blind75": true,
    "neetcode250": true,
    "ncLink": "reorder-linked-list/"
  },
  {
    "problem": "Remove Nth Node From End of List",
    "pattern": "Linked List",
    "link": "remove-nth-node-from-end-of-list/",
    "video": "XVuQxVej6y8",
    "difficulty": "Medium",
    "code": "0019-remove-nth-node-from-end-of-list",
    "neetcode150": true,
    "blind75": true,
    "neetcode250": true,
    "ncLink": "remove-node-from-end-of-linked-list/"
  },
  {
    "problem": "Merge K Sorted Lists",
    "pattern": "Linked List",
    "link": "merge-k-sorted-lists/",
    "video": "q5a5OiGbT6Q",
    "difficulty": "Hard",
    "code": "0023-merge-k-sorted-lists",
    "neetcode150": true,
    "blind75": true,
    "neetcode250": true,
    "ncLink": "merge-k-sorted-linked-lists/"
  },
  {
    "problem": "Invert Binary Tree",
    "pattern": "Trees",
    "link": "invert-binary-tree/",
    "video": "OnSn2XEQ4MY",
    "difficulty": "Easy",
    "code": "0226-invert-binary-tree",
    "neetcode150": true,
    "blind75": true,
    "neetcode250": true,
    "ncLink": "invert-a-binary-tree/"
  },
  {
    "problem": "Maximum Depth of Binary Tree",
    "pattern": "Trees",
    "link": "maximum-depth-of-binary-tree/",
    "video": "hTM3phVI6YQ",
    "difficulty": "Easy",
    "code": "0104-maximum-depth-of-binary-tree",
    "neetcode150": true,
    "blind75": true,
    "neetcode250": true,
    "ncLink": "depth-of-binary-tree/"
  },
  {
    "problem": "Same Tree",
    "pattern": "Trees",
    "link": "same-tree/",
    "video": "vRbbcKXCxOw",
    "difficulty": "Easy",
    "code": "0100-same-tree",
    "neetcode150": true,
    "blind75": true,
    "neetcode250": true,
    "ncLink": "same-binary-tree/"
  },
  {
    "problem": "Subtree of Another Tree",
    "pattern": "Trees",
    "link": "subtree-of-another-tree/",
    "video": "E36O5SWp-LE",
    "difficulty": "Easy",
    "code": "0572-subtree-of-another-tree",
    "neetcode150": true,
    "blind75": true,
    "neetcode250": true,
    "ncLink": "subtree-of-a-binary-tree/"
  },
  {
    "problem": "Lowest Common Ancestor of a Binary Search Tree",
    "pattern": "Trees",
    "link": "lowest-common-ancestor-of-a-binary-search-tree/",
    "video": "gs2LMfuOR9k",
    "difficulty": "Medium",
    "code": "0235-lowest-common-ancestor-of-a-binary-search-tree",
    "neetcode150": true,
    "blind75": true,
    "neetcode250": true,
    "ncLink": "lowest-common-ancestor-in-binary-search-tree/"
  },
  {
    "problem": "Binary Tree Level Order Traversal",
    "pattern": "Trees",
    "link": "binary-tree-level-order-traversal/",
    "video": "6ZnyEApgFYg",
    "difficulty": "Medium",
    "code": "0102-binary-tree-level-order-traversal",
    "neetcode150": true,
    "blind75": true,
    "neetcode250": true,
    "ncLink": "level-order-traversal-of-binary-tree/"
  },
  {
    "problem": "Validate Binary Search Tree",
    "pattern": "Trees",
    "link": "validate-binary-search-tree/",
    "video": "s6ATEkipzow",
    "difficulty": "Medium",
    "code": "0098-validate-binary-search-tree",
    "neetcode150": true,
    "blind75": true,
    "neetcode250": true,
    "ncLink": "valid-binary-search-tree/"
  },
  {
    "problem": "Kth Smallest Element In a Bst",
    "pattern": "Trees",
    "link": "kth-smallest-element-in-a-bst/",
    "video": "5LUXSvjmGCw",
    "difficulty": "Medium",
    "code": "0230-kth-smallest-element-in-a-bst",
    "neetcode150": true,
    "blind75": true,
    "neetcode250": true,
    "ncLink": "kth-smallest-integer-in-bst/"
  },
  {
    "problem": "Construct Binary Tree From Preorder And Inorder Traversal",
    "pattern": "Trees",
    "link": "construct-binary-tree-from-preorder-and-inorder-traversal/",
    "video": "ihj4IQGZ2zc",
    "difficulty": "Medium",
    "code": "0105-construct-binary-tree-from-preorder-and-inorder-traversal",
    "neetcode150": true,
    "blind75": true,
    "neetcode250": true,
    "ncLink": "binary-tree-from-preorder-and-inorder-traversal/"
  },
  {
    "problem": "Binary Tree Maximum Path Sum",
    "pattern": "Trees",
    "link": "binary-tree-maximum-path-sum/",
    "video": "Hr5cWUld4vU",
    "difficulty": "Hard",
    "code": "0124-binary-tree-maximum-path-sum",
    "neetcode150": true,
    "blind75": true,
    "neetcode250": true,
    "ncLink": "binary-tree-maximum-path-sum/"
  },
  {
    "problem": "Serialize And Deserialize Binary Tree",
    "pattern": "Trees",
    "link": "serialize-and-deserialize-binary-tree/",
    "video": "u4JAi2JJhI8",
    "difficulty": "Hard",
    "code": "0297-serialize-and-deserialize-binary-tree",
    "neetcode150": true,
    "blind75": true,
    "neetcode250": true,
    "ncLink": "serialize-and-deserialize-binary-tree/"
  },
  {
    "problem": "Find Median From Data Stream",
    "pattern": "Heap / Priority Queue",
    "link": "find-median-from-data-stream/",
    "video": "itmhHWaHupI",
    "difficulty": "Hard",
    "code": "0295-find-median-from-data-stream",
    "neetcode150": true,
    "blind75": true,
    "neetcode250": true,
    "ncLink": "find-median-in-a-data-stream/"
  },
  {
    "problem": "Combination Sum",
    "pattern": "Backtracking",
    "link": "combination-sum/",
    "video": "GBKI9VSKdGg",
    "difficulty": "Medium",
    "code": "0039-combination-sum",
    "neetcode150": true,
    "blind75": true,
    "neetcode250": true,
    "ncLink": "combination-target-sum/"
  },
  {
    "problem": "Word Search",
    "pattern": "Backtracking",
    "link": "word-search/",
    "video": "pfiQ_PS1g8E",
    "difficulty": "Medium",
    "code": "0079-word-search",
    "neetcode150": true,
    "blind75": true,
    "neetcode250": true,
    "ncLink": "search-for-word/"
  },
  {
    "problem": "Implement Trie Prefix Tree",
    "pattern": "Tries",
    "link": "implement-trie-prefix-tree/",
    "video": "oobqoCJlHA0",
    "difficulty": "Medium",
    "code": "0208-implement-trie-prefix-tree",
    "neetcode150": true,
    "blind75": true,
    "neetcode250": true,
    "ncLink": "implement-prefix-tree/"
  },
  {
    "problem": "Design Add And Search Words Data Structure",
    "pattern": "Tries",
    "link": "design-add-and-search-words-data-structure/",
    "video": "BTf05gs_8iU",
    "difficulty": "Medium",
    "code": "0211-design-add-and-search-words-data-structure",
    "neetcode150": true,
    "blind75": true,
    "neetcode250": true,
    "ncLink": "design-word-search-data-structure/"
  },
  {
    "problem": "Word Search II",
    "pattern": "Tries",
    "link": "word-search-ii/",
    "video": "asbcE9mZz_U",
    "difficulty": "Hard",
    "code": "0212-word-search-ii",
    "neetcode150": true,
    "blind75": true,
    "neetcode250": true,
    "ncLink": "search-for-word-ii/"
  },
  {
    "problem": "Number of Islands",
    "pattern": "Graphs",
    "link": "number-of-islands/",
    "video": "pV2kpPD66nE",
    "difficulty": "Medium",
    "code": "0200-number-of-islands",
    "neetcode150": true,
    "blind75": true,
    "neetcode250": true,
    "ncLink": "count-number-of-islands/"
  },
  {
    "problem": "Clone Graph",
    "pattern": "Graphs",
    "link": "clone-graph/",
    "video": "mQeF6bN8hMk",
    "difficulty": "Medium",
    "code": "0133-clone-graph",
    "neetcode150": true,
    "blind75": true,
    "neetcode250": true,
    "ncLink": "clone-graph/"
  },
  {
    "problem": "Pacific Atlantic Water Flow",
    "pattern": "Graphs",
    "link": "pacific-atlantic-water-flow/",
    "video": "s-VkcjHqkGI",
    "difficulty": "Medium",
    "code": "0417-pacific-atlantic-water-flow",
    "neetcode150": true,
    "blind75": true,
    "neetcode250": true,
    "ncLink": "pacific-atlantic-water-flow/"
  },
  {
    "problem": "Course Schedule",
    "pattern": "Graphs",
    "link": "course-schedule/",
    "video": "EgI5nU9etnU",
    "difficulty": "Medium",
    "code": "0207-course-schedule",
    "neetcode150": true,
    "blind75": true,
    "neetcode250": true,
    "ncLink": "course-schedule/"
  },
  {
    "problem": "Graph Valid Tree",
    "pattern": "Graphs",
    "link": "graph-valid-tree/",
    "video": "bXsUuownnoQ",
    "difficulty": "Medium",
    "code": "0261-graph-valid-tree",
    "neetcode150": true,
    "blind75": true,
    "neetcode250": true,
    "ncLink": "valid-tree/",
    "premium": true
  },
  {
    "problem": "Number of Connected Components In An Undirected Graph",
    "pattern": "Graphs",
    "link": "number-of-connected-components-in-an-undirected-graph/",
    "video": "8f1XPm4WOUc",
    "difficulty": "Medium",
    "code": "0323-number-of-connected-components-in-an-undirected-graph",
    "neetcode150": true,
    "blind75": true,
    "neetcode250": true,
    "ncLink": "count-connected-components/",
    "premium": true
  },
  {
    "problem": "Alien Dictionary",
    "pattern": "Advanced Graphs",
    "link": "alien-dictionary/",
    "video": "6kTZYvNNyps",
    "difficulty": "Hard",
    "code": "0269-alien-dictionary",
    "neetcode150": true,
    "blind75": true,
    "neetcode250": true,
    "ncLink": "foreign-dictionary/",
    "premium": true
  },
  {
    "problem": "Climbing Stairs",
    "pattern": "1-D Dynamic Programming",
    "link": "climbing-stairs/",
    "video": "Y0lT9Fck7qI",
    "difficulty": "Easy",
    "code": "0070-climbing-stairs",
    "neetcode150": true,
    "blind75": true,
    "neetcode250": true,
    "ncLink": "climbing-stairs/"
  },
  {
    "problem": "House Robber",
    "pattern": "1-D Dynamic Programming",
    "link": "house-robber/",
    "video": "73r3KWiEvyk",
    "difficulty": "Medium",
    "code": "0198-house-robber",
    "neetcode150": true,
    "blind75": true,
    "neetcode250": true,
    "ncLink": "house-robber/"
  },
  {
    "problem": "House Robber II",
    "pattern": "1-D Dynamic Programming",
    "link": "house-robber-ii/",
    "video": "rWAJCfYYOvM",
    "difficulty": "Medium",
    "code": "0213-house-robber-ii",
    "neetcode150": true,
    "blind75": true,
    "neetcode250": true,
    "ncLink": "house-robber-ii/"
  },
  {
    "problem": "Longest Palindromic Substring",
    "pattern": "1-D Dynamic Programming",
    "link": "longest-palindromic-substring/",
    "video": "XYQecbcd6_c",
    "difficulty": "Medium",
    "code": "0005-longest-palindromic-substring",
    "neetcode150": true,
    "blind75": true,
    "neetcode250": true,
    "ncLink": "longest-palindromic-substring/"
  },
  {
    "problem": "Palindromic Substrings",
    "pattern": "1-D Dynamic Programming",
    "link": "palindromic-substrings/",
    "video": "4RACzI5-du8",
    "difficulty": "Medium",
    "code": "0647-palindromic-substrings",
    "neetcode150": true,
    "blind75": true,
    "neetcode250": true,
    "ncLink": "palindromic-substrings/"
  },
  {
    "problem": "Decode Ways",
    "pattern": "1-D Dynamic Programming",
    "link": "decode-ways/",
    "video": "6aEyTjOwlJU",
    "difficulty": "Medium",
    "code": "0091-decode-ways",
    "neetcode150": true,
    "blind75": true,
    "neetcode250": true,
    "ncLink": "decode-ways/"
  },
  {
    "problem": "Coin Change",
    "pattern": "1-D Dynamic Programming",
    "link": "coin-change/",
    "video": "H9bfqozjoqs",
    "difficulty": "Medium",
    "code": "0322-coin-change",
    "neetcode150": true,
    "blind75": true,
    "neetcode250": true,
    "ncLink": "coin-change/"
  },
  {
    "problem": "Maximum Product Subarray",
    "pattern": "1-D Dynamic Programming",
    "link": "maximum-product-subarray/",
    "video": "lXVy6YWFcRM",
    "difficulty": "Medium",
    "code": "0152-maximum-product-subarray",
    "neetcode150": true,
    "blind75": true,
    "neetcode250": true,
    "ncLink": "maximum-product-subarray/"
  },
  {
    "problem": "Word Break",
    "pattern": "1-D Dynamic Programming",
    "link": "word-break/",
    "video": "Sx9NNgInc3A",
    "difficulty": "Medium",
    "code": "0139-word-break",
    "neetcode150": true,
    "blind75": true,
    "neetcode250": true,
    "ncLink": "word-break/"
  },
  {
    "problem": "Longest Increasing Subsequence",
    "pattern": "1-D Dynamic Programming",
    "link": "longest-increasing-subsequence/",
    "video": "cjWnW0hdF1Y",
    "difficulty": "Medium",
    "code": "0300-longest-increasing-subsequence",
    "neetcode150": true,
    "blind75": true,
    "neetcode250": true,
    "ncLink": "longest-increasing-subsequence/"
  },
  {
    "problem": "Unique Paths",
    "pattern": "2-D Dynamic Programming",
    "link": "unique-paths/",
    "video": "IlEsdxuD4lY",
    "difficulty": "Medium",
    "code": "0062-unique-paths",
    "neetcode150": true,
    "blind75": true,
    "neetcode250": true,
    "ncLink": "count-paths/"
  },
  {
    "problem": "Longest Common Subsequence",
    "pattern": "2-D Dynamic Programming",
    "link": "longest-common-subsequence/",
    "video": "Ua0GhsJSlWM",
    "difficulty": "Medium",
    "code": "1143-longest-common-subsequence",
    "neetcode150": true,
    "blind75": true,
    "neetcode250": true,
    "ncLink": "longest-common-subsequence/"
  },
  {
    "problem": "Maximum Subarray",
    "pattern": "Greedy",
    "link": "maximum-subarray/",
    "video": "5WZl3MMT0Eg",
    "difficulty": "Medium",
    "code": "0053-maximum-subarray",
    "neetcode150": true,
    "blind75": true,
    "neetcode250": true,
    "ncLink": "maximum-subarray/"
  },
  {
    "problem": "Jump Game",
    "pattern": "Greedy",
    "link": "jump-game/",
    "video": "Yan0cv2cLy8",
    "difficulty": "Medium",
    "code": "0055-jump-game",
    "neetcode150": true,
    "blind75": true,
    "neetcode250": true,
    "ncLink": "jump-game/"
  },
  {
    "problem": "Insert Interval",
    "pattern": "Intervals",
    "link": "insert-interval/",
    "video": "A8NUOmlwOlM",
    "difficulty": "Medium",
    "code": "0057-insert-interval",
    "neetcode150": true,
    "blind75": true,
    "neetcode250": true,
    "ncLink": "insert-new-interval/"
  },
  {
    "problem": "Merge Intervals",
    "pattern": "Intervals",
    "link": "merge-intervals/",
    "video": "44H3cEC2fFM",
    "difficulty": "Medium",
    "code": "0056-merge-intervals",
    "neetcode150": true,
    "blind75": true,
    "neetcode250": true,
    "ncLink": "merge-intervals/"
  },
  {
    "problem": "Non Overlapping Intervals",
    "pattern": "Intervals",
    "link": "non-overlapping-intervals/",
    "video": "nONCGxWoUfM",
    "difficulty": "Medium",
    "code": "0435-non-overlapping-intervals",
    "neetcode150": true,
    "blind75": true,
    "neetcode250": true,
    "ncLink": "non-overlapping-intervals/"
  },
  {
    "problem": "Meeting Rooms",
    "pattern": "Intervals",
    "link": "meeting-rooms/",
    "video": "PaJxqZVPhbg",
    "difficulty": "Easy",
    "code": "0252-meeting-rooms",
    "neetcode150": true,
    "blind75": true,
    "neetcode250": true,
    "ncLink": "meeting-schedule/",
    "premium": true
  },
  {
    "problem": "Meeting Rooms II",
    "pattern": "Intervals",
    "link": "meeting-rooms-ii/",
    "video": "FdzJmTCVyJU",
    "difficulty": "Medium",
    "code": "0253-meeting-rooms-ii",
    "neetcode150": true,
    "blind75": true,
    "neetcode250": true,
    "ncLink": "meeting-schedule-ii/",
    "premium": true
  },
  {
    "problem": "Rotate Image",
    "pattern": "Math & Geometry",
    "link": "rotate-image/",
    "video": "fMSJSS7eO1w",
    "difficulty": "Medium",
    "code": "0048-rotate-image",
    "neetcode150": true,
    "blind75": true,
    "neetcode250": true,
    "ncLink": "rotate-matrix/"
  },
  {
    "problem": "Spiral Matrix",
    "pattern": "Math & Geometry",
    "link": "spiral-matrix/",
    "video": "BJnMZNwUk1M",
    "difficulty": "Medium",
    "code": "0054-spiral-matrix",
    "neetcode150": true,
    "blind75": true,
    "neetcode250": true,
    "ncLink": "spiral-matrix/"
  },
  {
    "problem": "Set Matrix Zeroes",
    "pattern": "Math & Geometry",
    "link": "set-matrix-zeroes/",
    "video": "T41rL0L3Pnw",
    "difficulty": "Medium",
    "code": "0073-set-matrix-zeroes",
    "neetcode150": true,
    "blind75": true,
    "neetcode250": true,
    "ncLink": "set-zeroes-in-matrix/"
  },
  {
    "problem": "Number of 1 Bits",
    "pattern": "Bit Manipulation",
    "link": "number-of-1-bits/",
    "video": "5Km3utixwZs",
    "difficulty": "Easy",
    "code": "0191-number-of-1-bits",
    "neetcode150": true,
    "blind75": true,
    "neetcode250": true,
    "ncLink": "number-of-one-bits/"
  },
  {
    "problem": "Counting Bits",
    "pattern": "Bit Manipulation",
    "link": "counting-bits/",
    "video": "RyBM56RIWrM",
    "difficulty": "Easy",
    "code": "0338-counting-bits",
    "neetcode150": true,
    "blind75": true,
    "neetcode250": true,
    "ncLink": "counting-bits/"
  },
  {
    "problem": "Reverse Bits",
    "pattern": "Bit Manipulation",
    "link": "reverse-bits/",
    "video": "UcoN6UjAI64",
    "difficulty": "Easy",
    "code": "0190-reverse-bits",
    "neetcode150": true,
    "blind75": true,
    "neetcode250": true,
    "ncLink": "reverse-bits/"
  },
  {
    "problem": "Missing Number",
    "pattern": "Bit Manipulation",
    "link": "missing-number/",
    "video": "WnPLSRLSANE",
    "difficulty": "Easy",
    "code": "0268-missing-number",
    "neetcode150": true,
    "blind75": true,
    "neetcode250": true,
    "ncLink": "missing-number/"
  },
  {
    "problem": "Sum of Two Integers",
    "pattern": "Bit Manipulation",
    "link": "sum-of-two-integers/",
    "video": "gVUrDV4tZfY",
    "difficulty": "Medium",
    "code": "0371-sum-of-two-integers",
    "neetcode150": true,
    "blind75": true,
    "neetcode250": true,
    "ncLink": "sum-of-two-integers/"
  }
]