[
  {
    "slug": "two-sum",
    "title": "Two Sum",
    "url": "https://leetcode.com/problems/two-sum",
    "duration": 15,
    "epi": null,
    "difficulty": "Easy",
    "premium": false,
    "frequency": 1,
    "likes": 0.867,
    "companies": 0.995,
    "leetCodeScore": 86.3,
    "priority": 0,
    "id": 1,
    "topic": "array",
    "routines": [
      "hashing"
    ]
  },
  {
    "slug": "valid-parentheses",
    "title": "Valid Parentheses",
    "url": "https://leetcode.com/problems/valid-parentheses",
    "duration": 20,
    "epi": 3,
    "difficulty": "Easy",
    "premium": false,
    "frequency": 0.994,
    "likes": 0.778,
    "companies": 0.99,
    "leetCodeScore": 76.6,
    "priority": 0,
    "id": 20,
    "topic": "stack",
    "routines": []
  },
  {
    "slug": "merge-two-sorted-lists",
    "title": "Merge Two Sorted Lists",
    "url": "https://leetcode.com/problems/merge-two-sorted-lists",
    "duration": 20,
    "epi": 0,
    "difficulty": "Easy",
    "premium": false,
    "frequency": 0.964,
    "likes": 0.545,
    "companies": 0.983,
    "leetCodeScore": 51.6,
    "priority": 0,
    "id": 21,
    "topic": "linked-list",
    "routines": []
  },
  {
    "slug": "best-time-to-buy-and-sell-stock",
    "title": "Best Time to Buy and Sell Stock",
    "url": "https://leetcode.com/problems/best-time-to-buy-and-sell-stock",
    "duration": 20,
    "epi": 0,
    "difficulty": "Easy",
    "premium": false,
    "frequency": 0.996,
    "likes": 0.852,
    "companies": 0.995,
    "leetCodeScore": 84.4,
    "priority": 0,
    "id": 121,
    "topic": "array",
    "routines": []
  },
  {
    "slug": "valid-palindrome",
    "title": "Valid Palindrome",
    "url": "https://leetcode.com/problems/valid-palindrome",
    "duration": 15,
    "epi": 2,
    "difficulty": "Easy",
    "premium": false,
    "frequency": 0.944,
    "likes": 0.083,
    "companies": 0.9,
    "leetCodeScore": 7.1,
    "priority": 0,
    "id": 125,
    "topic": "string",
    "routines": [
      "palindrome"
    ]
  },
  {
    "slug": "invert-binary-tree",
    "title": "Invert Binary Tree",
    "url": "https://leetcode.com/problems/invert-binary-tree",
    "duration": 15,
    "epi": null,
    "difficulty": "Easy",
    "premium": false,
    "frequency": 0.791,
    "likes": 0.988,
    "companies": 0.928,
    "leetCodeScore": 72.5,
    "priority": 0,
    "id": 226,
    "topic": "binary-tree",
    "routines": []
  },
  {
    "slug": "valid-anagram",
    "title": "Valid Anagram",
    "url": "https://leetcode.com/problems/valid-anagram",
    "duration": 15,
    "epi": null,
    "difficulty": "Easy",
    "premium": false,
    "frequency": 0.889,
    "likes": 0.758,
    "companies": 0.966,
    "leetCodeScore": 65.1,
    "priority": 0,
    "id": 242,
    "topic": "string",
    "routines": [
      "anagram"
    ]
  },
  {
    "slug": "binary-search",
    "title": "Binary Search",
    "url": "https://leetcode.com/problems/binary-search",
    "duration": 15,
    "epi": null,
    "difficulty": "Easy",
    "premium": false,
    "frequency": 0.977,
    "likes": 0.913,
    "companies": 0.95,
    "leetCodeScore": 84.7,
    "priority": 0,
    "id": 792,
    "topic": "binary-search",
    "routines": []
  },
  {
    "slug": "flood-fill",
    "title": "Flood Fill",
    "url": "https://leetcode.com/problems/flood-fill",
    "duration": 20,
    "epi": 2,
    "difficulty": "Easy",
    "premium": false,
    "frequency": 0.729,
    "likes": 0.531,
    "companies": 0.9,
    "leetCodeScore": 34.8,
    "priority": 0,
    "id": 733,
    "topic": "graph",
    "routines": [
      "matrix",
      "depth-first-search"
    ]
  },
  {
    "slug": "maximum-subarray",
    "title": "Maximum Subarray",
    "url": "https://leetcode.com/problems/maximum-subarray",
    "duration": 20,
    "epi": null,
    "difficulty": "Medium",
    "premium": false,
    "frequency": 0.995,
    "likes": 0.745,
    "companies": 0.998,
    "leetCodeScore": 74,
    "priority": 0,
    "id": 53,
    "topic": "dynamic-programming",
    "routines": []
  },
  {
    "slug": "lowest-common-ancestor-of-a-binary-search-tree",
    "title": "Lowest Common Ancestor of a Binary Search Tree",
    "url": "https://leetcode.com/problems/lowest-common-ancestor-of-a-binary-search-tree",
    "duration": 20,
    "epi": 1,
    "difficulty": "Easy",
    "premium": false,
    "frequency": 0.711,
    "likes": 0.853,
    "companies": 0.9,
    "leetCodeScore": 54.6,
    "priority": 0,
    "id": 235,
    "topic": "binary-search-tree",
    "routines": []
  },
  {
    "slug": "insert-interval",
    "title": "Insert Interval",
    "url": "https://leetcode.com/problems/insert-interval",
    "duration": 25,
    "epi": null,
    "difficulty": "Medium",
    "premium": false,
    "frequency": 0.807,
    "likes": 0.612,
    "companies": 0.861,
    "leetCodeScore": 42.5,
    "priority": 0,
    "id": 57,
    "topic": "array",
    "routines": [
      "interval"
    ]
  },
  {
    "slug": "01-matrix",
    "title": "01 Matrix",
    "url": "https://leetcode.com/problems/01-matrix",
    "duration": 30,
    "epi": null,
    "difficulty": "Medium",
    "premium": false,
    "frequency": 0.654,
    "likes": 0.737,
    "companies": 0.861,
    "leetCodeScore": 41.5,
    "priority": 0,
    "id": 542,
    "topic": "graph",
    "routines": [
      "breadth-first-search"
    ]
  },
  {
    "slug": "k-closest-points-to-origin",
    "title": "K Closest Points to Origin",
    "url": "https://leetcode.com/problems/k-closest-points-to-origin",
    "duration": 30,
    "epi": 1,
    "difficulty": "Medium",
    "premium": false,
    "frequency": 0.985,
    "likes": 0.812,
    "companies": 0.928,
    "leetCodeScore": 74.2,
    "priority": 0,
    "id": 1014,
    "topic": "heap",
    "routines": [
      "geometry"
    ]
  },
  {
    "slug": "balanced-binary-tree",
    "title": "Balanced Binary Tree",
    "url": "https://leetcode.com/problems/balanced-binary-tree",
    "duration": 15,
    "epi": 0,
    "difficulty": "Easy",
    "premium": false,
    "frequency": 0.556,
    "likes": 0.702,
    "companies": 0.808,
    "leetCodeScore": 31.5,
    "priority": 1,
    "id": 110,
    "topic": "binary-tree",
    "routines": []
  },
  {
    "slug": "linked-list-cycle",
    "title": "Linked List Cycle",
    "url": "https://leetcode.com/problems/linked-list-cycle",
    "duration": 20,
    "epi": 1,
    "difficulty": "Easy",
    "premium": false,
    "frequency": 0.828,
    "likes": 0.517,
    "companies": 0.966,
    "leetCodeScore": 41.4,
    "priority": 1,
    "id": 141,
    "topic": "linked-list",
    "routines": [
      "two-pointers"
    ]
  },
  {
    "slug": "implement-queue-using-stacks",
    "title": "Implement Queue using Stacks",
    "url": "https://leetcode.com/problems/implement-queue-using-stacks",
    "duration": 20,
    "epi": 3,
    "difficulty": "Easy",
    "premium": false,
    "frequency": 0.714,
    "likes": 0.626,
    "companies": 0.808,
    "leetCodeScore": 36.1,
    "priority": 1,
    "id": 232,
    "topic": "stack",
    "routines": []
  },
  {
    "slug": "first-bad-version",
    "title": "First Bad Version",
    "url": "https://leetcode.com/problems/first-bad-version",
    "duration": 20,
    "epi": null,
    "difficulty": "Easy",
    "premium": false,
    "frequency": 0.913,
    "likes": 0.235,
    "companies": 0.966,
    "leetCodeScore": 20.7,
    "priority": 1,
    "id": 278,
    "topic": "binary-search",
    "routines": []
  },
  {
    "slug": "ransom-note",
    "title": "Ransom Note",
    "url": "https://leetcode.com/problems/ransom-note",
    "duration": 15,
    "epi": 0,
    "difficulty": "Easy",
    "premium": false,
    "frequency": 0.585,
    "likes": 0.352,
    "companies": 0.808,
    "leetCodeScore": 16.6,
    "priority": 1,
    "id": 383,
    "topic": "hash-table",
    "routines": []
  },
  {
    "slug": "longest-substring-without-repeating-characters",
    "title": "Longest Substring Without Repeating Characters",
    "url": "https://leetcode.com/problems/longest-substring-without-repeating-characters",
    "duration": 30,
    "epi": null,
    "difficulty": "Medium",
    "premium": false,
    "frequency": 0.995,
    "likes": 0.766,
    "companies": 0.983,
    "leetCodeScore": 74.9,
    "priority": 1,
    "id": 3,
    "topic": "string",
    "routines": [
      "sliding-window"
    ]
  },
  {
    "slug": "3sum",
    "title": "3Sum",
    "url": "https://leetcode.com/problems/3sum",
    "duration": 30,
    "epi": 0,
    "difficulty": "Medium",
    "premium": false,
    "frequency": 0.991,
    "likes": 0.527,
    "companies": 0.995,
    "leetCodeScore": 52,
    "priority": 1,
    "id": 15,
    "topic": "array",
    "routines": [
      "two-pointers"
    ]
  },
  {
    "slug": "binary-tree-level-order-traversal",
    "title": "Binary Tree Level Order Traversal",
    "url": "https://leetcode.com/problems/binary-tree-level-order-traversal",
    "duration": 20,
    "epi": 1,
    "difficulty": "Medium",
    "premium": false,
    "frequency": 0.805,
    "likes": 0.947,
    "companies": 0.966,
    "leetCodeScore": 73.6,
    "priority": 1,
    "id": 102,
    "topic": "binary-tree",
    "routines": []
  },
  {
    "slug": "clone-graph",
    "title": "Clone Graph",
    "url": "https://leetcode.com/problems/clone-graph",
    "duration": 25,
    "epi": null,
    "difficulty": "Medium",
    "premium": false,
    "frequency": 0.88,
    "likes": 0.216,
    "companies": 0.966,
    "leetCodeScore": 18.4,
    "priority": 1,
    "id": 133,
    "topic": "graph",
    "routines": [
      "depth-first-search",
      "breadth-first-search"
    ]
  },
  {
    "slug": "evaluate-reverse-polish-notation",
    "title": "Evaluate Reverse Polish Notation",
    "url": "https://leetcode.com/problems/evaluate-reverse-polish-notation",
    "duration": 30,
    "epi": 2,
    "difficulty": "Medium",
    "premium": false,
    "frequency": 0.897,
    "likes": 0.315,
    "companies": 0.9,
    "leetCodeScore": 25.4,
    "priority": 1,
    "id": 150,
    "topic": "stack",
    "routines": []
  },
  {
    "slug": "course-schedule",
    "title": "Course Schedule",
    "url": "https://leetcode.com/problems/course-schedule",
    "duration": 30,
    "epi": null,
    "difficulty": "Medium",
    "premium": false,
    "frequency": 0.923,
    "likes": 0.803,
    "companies": 0.928,
    "leetCodeScore": 68.8,
    "priority": 1,
    "id": 207,
    "topic": "graph",
    "routines": [
      "topo-sort"
    ]
  },
  {
    "slug": "implement-trie-prefix-tree",
    "title": "Implement Trie (Prefix Tree)",
    "url": "https://leetcode.com/problems/implement-trie-prefix-tree",
    "duration": 35,
    "epi": null,
    "difficulty": "Medium",
    "premium": false,
    "frequency": 0.855,
    "likes": 0.99,
    "companies": 0.95,
    "leetCodeScore": 80.4,
    "priority": 1,
    "id": 208,
    "topic": "trie",
    "routines": []
  },
  {
    "slug": "coin-change",
    "title": "Coin Change",
    "url": "https://leetcode.com/problems/coin-change",
    "duration": 25,
    "epi": null,
    "difficulty": "Medium",
    "premium": false,
    "frequency": 0.94,
    "likes": 0.917,
    "companies": 0.928,
    "leetCodeScore": 80,
    "priority": 1,
    "id": 322,
    "topic": "dynamic-programming",
    "routines": []
  },
  {
    "slug": "product-of-array-except-self",
    "title": "Product of Array Except Self",
    "url": "https://leetcode.com/problems/product-of-array-except-self",
    "duration": 30,
    "epi": null,
    "difficulty": "Medium",
    "premium": false,
    "frequency": 0.97,
    "likes": 0.658,
    "companies": 0.995,
    "leetCodeScore": 63.5,
    "priority": 1,
    "id": 238,
    "topic": "array",
    "routines": [
      "prefix-sum"
    ]
  },
  {
    "slug": "climbing-stairs",
    "title": "Climbing Stairs",
    "url": "https://leetcode.com/problems/climbing-stairs",
    "duration": 20,
    "epi": null,
    "difficulty": "Easy",
    "premium": false,
    "frequency": 0.942,
    "likes": 0.871,
    "companies": 0.99,
    "leetCodeScore": 81.2,
    "priority": 2,
    "id": 70,
    "topic": "dynamic-programming",
    "routines": []
  },
  {
    "slug": "longest-palindrome",
    "title": "Longest Palindrome",
    "url": "https://leetcode.com/problems/longest-palindrome",
    "duration": 20,
    "epi": 2,
    "difficulty": "Easy",
    "premium": false,
    "frequency": 0.482,
    "likes": 0.67,
    "companies": 0,
    "leetCodeScore": 0,
    "priority": 2,
    "id": 409,
    "topic": "string",
    "routines": [
      "palindrome"
    ]
  },
  {
    "slug": "min-stack",
    "title": "Min Stack",
    "url": "https://leetcode.com/problems/min-stack",
    "duration": 20,
    "epi": 0,
    "difficulty": "Medium",
    "premium": false,
    "frequency": 0.892,
    "likes": 0.588,
    "companies": 0.983,
    "leetCodeScore": 51.6,
    "priority": 2,
    "id": 155,
    "topic": "stack",
    "routines": []
  },
  {
    "slug": "reverse-linked-list",
    "title": "Reverse Linked List",
    "url": "https://leetcode.com/problems/reverse-linked-list",
    "duration": 20,
    "epi": 1,
    "difficulty": "Easy",
    "premium": false,
    "frequency": 0.899,
    "likes": 0.969,
    "companies": 0.966,
    "leetCodeScore": 84.2,
    "priority": 2,
    "id": 206,
    "topic": "linked-list",
    "routines": []
  },
  {
    "slug": "validate-binary-search-tree",
    "title": "Validate Binary Search Tree",
    "url": "https://leetcode.com/problems/validate-binary-search-tree",
    "duration": 20,
    "epi": null,
    "difficulty": "Medium",
    "premium": false,
    "frequency": 0.876,
    "likes": 0.533,
    "companies": 0.966,
    "leetCodeScore": 45.1,
    "priority": 2,
    "id": 98,
    "topic": "binary-search-tree",
    "routines": []
  },
  {
    "slug": "number-of-islands",
    "title": "Number of Islands",
    "url": "https://leetcode.com/problems/number-of-islands",
    "duration": 25,
    "epi": null,
    "difficulty": "Medium",
    "premium": false,
    "frequency": 0.998,
    "likes": 0.916,
    "companies": 1,
    "leetCodeScore": 91.4,
    "priority": 2,
    "id": 200,
    "topic": "graph",
    "routines": [
      "depth-first-search",
      " breadth-first-search"
    ]
  },
  {
    "slug": "rotting-oranges",
    "title": "Rotting Oranges",
    "url": "https://leetcode.com/problems/rotting-oranges",
    "duration": 30,
    "epi": null,
    "difficulty": "Medium",
    "premium": false,
    "frequency": 0.937,
    "likes": 0.779,
    "companies": 0.928,
    "leetCodeScore": 67.7,
    "priority": 2,
    "id": 1036,
    "topic": "graph",
    "routines": [
      "breadth-first-search"
    ]
  },
  {
    "slug": "search-in-rotated-sorted-array",
    "title": "Search in Rotated Sorted Array",
    "url": "https://leetcode.com/problems/search-in-rotated-sorted-array",
    "duration": 30,
    "epi": 2,
    "difficulty": "Medium",
    "premium": false,
    "frequency": 0.98,
    "likes": 0.637,
    "companies": 0.99,
    "leetCodeScore": 61.8,
    "priority": 2,
    "id": 33,
    "topic": "binary-search",
    "routines": []
  },
  {
    "slug": "combination-sum",
    "title": "Combination Sum",
    "url": "https://leetcode.com/problems/combination-sum",
    "duration": 30,
    "epi": null,
    "difficulty": "Medium",
    "premium": false,
    "frequency": 0.939,
    "likes": 0.937,
    "companies": 0.928,
    "leetCodeScore": 81.6,
    "priority": 2,
    "id": 39,
    "topic": "array",
    "routines": [
      "backtracking"
    ]
  },
  {
    "slug": "permutations",
    "title": "Permutations",
    "url": "https://leetcode.com/problems/permutations",
    "duration": 30,
    "epi": 2,
    "difficulty": "Medium",
    "premium": false,
    "frequency": 0.916,
    "likes": 0.958,
    "companies": 0.99,
    "leetCodeScore": 86.9,
    "priority": 2,
    "id": 46,
    "topic": "recursion",
    "routines": [
      "backtracking"
    ]
  },
  {
    "slug": "merge-intervals",
    "title": "Merge Intervals",
    "url": "https://leetcode.com/problems/merge-intervals",
    "duration": 30,
    "epi": 3,
    "difficulty": "Medium",
    "premium": false,
    "frequency": 0.999,
    "likes": 0.806,
    "companies": 0.998,
    "leetCodeScore": 80.4,
    "priority": 2,
    "id": 56,
    "topic": "array",
    "routines": [
      "interval"
    ]
  },
  {
    "slug": "lowest-common-ancestor-of-a-binary-tree",
    "title": "Lowest Common Ancestor of a Binary Tree",
    "url": "https://leetcode.com/problems/lowest-common-ancestor-of-a-binary-tree",
    "duration": 25,
    "epi": null,
    "difficulty": "Medium",
    "premium": false,
    "frequency": 0.988,
    "likes": 0.885,
    "companies": 0.966,
    "leetCodeScore": 84.5,
    "priority": 2,
    "id": 236,
    "topic": "binary-tree",
    "routines": []
  },
  {
    "slug": "time-based-key-value-store",
    "title": "Time Based Key-Value Store",
    "url": "https://leetcode.com/problems/time-based-key-value-store",
    "duration": 35,
    "epi": null,
    "difficulty": "Medium",
    "premium": false,
    "frequency": 0.969,
    "likes": 0.505,
    "companies": 0.9,
    "leetCodeScore": 44,
    "priority": 2,
    "id": 1023,
    "topic": "binary-search",
    "routines": []
  },
  {
    "slug": "minimum-window-substring",
    "title": "Minimum Window Substring",
    "url": "https://leetcode.com/problems/minimum-window-substring",
    "duration": 30,
    "epi": 3,
    "difficulty": "Hard",
    "premium": false,
    "frequency": 0.916,
    "likes": 0.704,
    "companies": 0.966,
    "leetCodeScore": 62.3,
    "priority": 2,
    "id": 76,
    "topic": "string",
    "routines": [
      "sliding-window"
    ]
  },
  {
    "slug": "serialize-and-deserialize-binary-tree",
    "title": "Serialize and Deserialize Binary Tree",
    "url": "https://leetcode.com/problems/serialize-and-deserialize-binary-tree",
    "duration": 40,
    "epi": null,
    "difficulty": "Hard",
    "premium": false,
    "frequency": 0.967,
    "likes": 0.817,
    "companies": 0.95,
    "leetCodeScore": 75.1,
    "priority": 2,
    "id": 297,
    "topic": "binary-tree",
    "routines": []
  },
  {
    "slug": "trapping-rain-water",
    "title": "Trapping Rain Water",
    "url": "https://leetcode.com/problems/trapping-rain-water",
    "duration": 35,
    "epi": null,
    "difficulty": "Hard",
    "premium": false,
    "frequency": 0.998,
    "likes": 0.985,
    "companies": 0.99,
    "leetCodeScore": 97.3,
    "priority": 2,
    "id": 42,
    "topic": "stack",
    "routines": [
      "monotonic-stack"
    ]
  },
  {
    "slug": "find-median-from-data-stream",
    "title": "Find Median from Data Stream",
    "url": "https://leetcode.com/problems/find-median-from-data-stream",
    "duration": 30,
    "epi": 3,
    "difficulty": "Hard",
    "premium": false,
    "frequency": 0.955,
    "likes": 0.956,
    "companies": 0.966,
    "leetCodeScore": 88.2,
    "priority": 2,
    "id": 295,
    "topic": "heap",
    "routines": []
  },
  {
    "slug": "majority-element",
    "title": "Majority Element",
    "url": "https://leetcode.com/problems/majority-element",
    "duration": 20,
    "epi": 2,
    "difficulty": "Easy",
    "premium": false,
    "frequency": 0.906,
    "likes": 0.832,
    "companies": 0.95,
    "leetCodeScore": 71.6,
    "priority": 3,
    "id": 169,
    "topic": "array",
    "routines": [
      "sorting"
    ]
  },
  {
    "slug": "add-binary",
    "title": "Add Binary",
    "url": "https://leetcode.com/problems/add-binary",
    "duration": 15,
    "epi": null,
    "difficulty": "Easy",
    "premium": false,
    "frequency": 0.859,
    "likes": 0.489,
    "companies": 0.861,
    "leetCodeScore": 36.2,
    "priority": 3,
    "id": 67,
    "topic": "binary",
    "routines": []
  },
  {
    "slug": "diameter-of-binary-tree",
    "title": "Diameter of Binary Tree",
    "url": "https://leetcode.com/problems/diameter-of-binary-tree",
    "duration": 30,
    "epi": null,
    "difficulty": "Easy",
    "premium": false,
    "frequency": 0.943,
    "likes": 0.654,
    "companies": 0.95,
    "leetCodeScore": 58.6,
    "priority": 3,
    "id": 543,
    "topic": "binary-tree",
    "routines": []
  },
  {
    "slug": "middle-of-the-linked-list",
    "title": "Middle of the Linked List",
    "url": "https://leetcode.com/problems/middle-of-the-linked-list",
    "duration": 20,
    "epi": null,
    "difficulty": "Easy",
    "premium": false,
    "frequency": 0.796,
    "likes": 0.914,
    "companies": 0.9,
    "leetCodeScore": 65.5,
    "priority": 3,
    "id": 908,
    "topic": "linked-list",
    "routines": [
      "two-pointers"
    ]
  },
  {
    "slug": "accounts-merge",
    "title": "Accounts Merge",
    "url": "https://leetcode.com/problems/accounts-merge",
    "duration": 30,
    "epi": null,
    "difficulty": "Medium",
    "premium": false,
    "frequency": 0.946,
    "likes": 0.36,
    "companies": 0.9,
    "leetCodeScore": 30.7,
    "priority": 3,
    "id": 721,
    "topic": "graph",
    "routines": [
      "depth-first-search",
      "union-find"
    ]
  },
  {
    "slug": "sort-colors",
    "title": "Sort Colors",
    "url": "https://leetcode.com/problems/sort-colors",
    "duration": 25,
    "epi": 0,
    "difficulty": "Medium",
    "premium": false,
    "frequency": 0.869,
    "likes": 0.776,
    "companies": 0.95,
    "leetCodeScore": 64.1,
    "priority": 3,
    "id": 75,
    "topic": "array",
    "routines": [
      "two-pointers"
    ]
  },
  {
    "slug": "word-break",
    "title": "Word Break",
    "url": "https://leetcode.com/problems/word-break",
    "duration": 30,
    "epi": 2,
    "difficulty": "Medium",
    "premium": false,
    "frequency": 0.951,
    "likes": 0.768,
    "companies": 0.966,
    "leetCodeScore": 70.6,
    "priority": 3,
    "id": 139,
    "topic": "trie",
    "routines": []
  },
  {
    "slug": "partition-equal-subset-sum",
    "title": "Partition Equal Subset Sum",
    "url": "https://leetcode.com/problems/partition-equal-subset-sum",
    "duration": 30,
    "epi": 2,
    "difficulty": "Medium",
    "premium": false,
    "frequency": 0.882,
    "likes": 0.975,
    "companies": 0.95,
    "leetCodeScore": 81.7,
    "priority": 3,
    "id": 416,
    "topic": "dynamic-programming",
    "routines": []
  },
  {
    "slug": "string-to-integer-atoi",
    "title": "String to Integer (atoi)",
    "url": "https://leetcode.com/problems/string-to-integer-atoi",
    "duration": 25,
    "epi": 0,
    "difficulty": "Medium",
    "premium": false,
    "frequency": 0.887,
    "likes": 0.033,
    "companies": 0.95,
    "leetCodeScore": 2.8,
    "priority": 3,
    "id": 8,
    "topic": "string",
    "routines": []
  },
  {
    "slug": "spiral-matrix",
    "title": "Spiral Matrix",
    "url": "https://leetcode.com/problems/spiral-matrix",
    "duration": 25,
    "epi": 1,
    "difficulty": "Medium",
    "premium": false,
    "frequency": 0.976,
    "likes": 0.462,
    "companies": 0.95,
    "leetCodeScore": 42.8,
    "priority": 3,
    "id": 54,
    "topic": "matrix",
    "routines": []
  },
  {
    "slug": "subsets",
    "title": "Subsets",
    "url": "https://leetcode.com/problems/subsets",
    "duration": 30,
    "epi": 3,
    "difficulty": "Medium",
    "premium": false,
    "frequency": 0.918,
    "likes": 0.975,
    "companies": 0.99,
    "leetCodeScore": 88.6,
    "priority": 3,
    "id": 78,
    "topic": "recursion",
    "routines": [
      "backtracking"
    ]
  },
  {
    "slug": "binary-tree-right-side-view",
    "title": "Binary Tree Right Side View",
    "url": "https://leetcode.com/problems/binary-tree-right-side-view",
    "duration": 20,
    "epi": null,
    "difficulty": "Medium",
    "premium": false,
    "frequency": 0.958,
    "likes": 0.707,
    "companies": 0.928,
    "leetCodeScore": 62.9,
    "priority": 3,
    "id": 199,
    "topic": "binary-tree",
    "routines": []
  },
  {
    "slug": "longest-palindromic-substring",
    "title": "Longest Palindromic Substring",
    "url": "https://leetcode.com/problems/longest-palindromic-substring",
    "duration": 25,
    "epi": null,
    "difficulty": "Medium",
    "premium": false,
    "frequency": 0.99,
    "likes": 0.675,
    "companies": 0.995,
    "leetCodeScore": 66.5,
    "priority": 3,
    "id": 5,
    "topic": "string",
    "routines": [
      "palindrome",
      "two-pointer",
      "dynamic-programming"
    ]
  },
  {
    "slug": "word-ladder",
    "title": "Word Ladder",
    "url": "https://leetcode.com/problems/word-ladder",
    "duration": 45,
    "epi": null,
    "difficulty": "Hard",
    "premium": false,
    "frequency": 0.974,
    "likes": 0.322,
    "companies": 0.998,
    "leetCodeScore": 31.3,
    "priority": 3,
    "id": 127,
    "topic": "graph",
    "routines": [
      "breadth-first-search"
    ]
  },
  {
    "slug": "basic-calculator",
    "title": "Basic Calculator",
    "url": "https://leetcode.com/problems/basic-calculator",
    "duration": 40,
    "epi": null,
    "difficulty": "Hard",
    "premium": false,
    "frequency": 0.96,
    "likes": 0.567,
    "companies": 0.928,
    "leetCodeScore": 50.5,
    "priority": 3,
    "id": 224,
    "topic": "stack",
    "routines": [
      "parsing"
    ]
  },
  {
    "slug": "maximum-profit-in-job-scheduling",
    "title": "Maximum Profit in Job Scheduling",
    "url": "https://leetcode.com/problems/maximum-profit-in-job-scheduling",
    "duration": 45,
    "epi": null,
    "difficulty": "Hard",
    "premium": false,
    "frequency": 0.993,
    "likes": 0.993,
    "companies": 0.9,
    "leetCodeScore": 88.7,
    "priority": 3,
    "id": 1352,
    "topic": "binary-search",
    "routines": [
      "dynamic-programming"
    ]
  },
  {
    "slug": "merge-k-sorted-lists",
    "title": "Merge k Sorted Lists",
    "url": "https://leetcode.com/problems/merge-k-sorted-lists",
    "duration": 30,
    "epi": null,
    "difficulty": "Hard",
    "premium": false,
    "frequency": 0.986,
    "likes": 0.808,
    "companies": 0.983,
    "leetCodeScore": 78.3,
    "priority": 3,
    "id": 23,
    "topic": "heap",
    "routines": []
  },
  {
    "slug": "largest-rectangle-in-histogram",
    "title": "Largest Rectangle in Histogram",
    "url": "https://leetcode.com/problems/largest-rectangle-in-histogram",
    "duration": 35,
    "epi": 3,
    "difficulty": "Hard",
    "premium": false,
    "frequency": 0.957,
    "likes": 0.982,
    "companies": 0.928,
    "leetCodeScore": 87.2,
    "priority": 3,
    "id": 84,
    "topic": "stack",
    "routines": [
      "monotonic-stack"
    ]
  },
  {
    "slug": "maximum-depth-of-binary-tree",
    "title": "Maximum Depth of Binary Tree",
    "url": "https://leetcode.com/problems/maximum-depth-of-binary-tree",
    "duration": 15,
    "epi": null,
    "difficulty": "Easy",
    "premium": false,
    "frequency": 0.715,
    "likes": 0.957,
    "companies": 0.9,
    "leetCodeScore": 61.6,
    "priority": 4,
    "id": 104,
    "topic": "binary-tree",
    "routines": []
  },
  {
    "slug": "contains-duplicate",
    "title": "Contains Duplicate",
    "url": "https://leetcode.com/problems/contains-duplicate",
    "duration": 15,
    "epi": null,
    "difficulty": "Easy",
    "premium": false,
    "frequency": 0.973,
    "likes": 0.311,
    "companies": 0.966,
    "leetCodeScore": 29.2,
    "priority": 4,
    "id": 217,
    "topic": "array",
    "routines": [
      "hash-table",
      "sorting"
    ]
  },
  {
    "slug": "unique-paths",
    "title": "Unique Paths",
    "url": "https://leetcode.com/problems/unique-paths",
    "duration": 20,
    "epi": 2,
    "difficulty": "Medium",
    "premium": false,
    "frequency": 0.911,
    "likes": 0.843,
    "companies": 0.95,
    "leetCodeScore": 73,
    "priority": 4,
    "id": 62,
    "topic": "dynamic-programming",
    "routines": []
  },
  {
    "slug": "construct-binary-tree-from-preorder-and-inorder-traversal",
    "title": "Construct Binary Tree from Preorder and Inorder Traversal",
    "url": "https://leetcode.com/problems/construct-binary-tree-from-preorder-and-inorder-traversal",
    "duration": 25,
    "epi": 2,
    "difficulty": "Medium",
    "premium": false,
    "frequency": 0.797,
    "likes": 0.905,
    "companies": 0.928,
    "leetCodeScore": 66.9,
    "priority": 4,
    "id": 105,
    "topic": "binary-tree",
    "routines": []
  },
  {
    "slug": "container-with-most-water",
    "title": "Container With Most Water",
    "url": "https://leetcode.com/problems/container-with-most-water",
    "duration": 35,
    "epi": 2,
    "difficulty": "Medium",
    "premium": false,
    "frequency": 0.966,
    "likes": 0.667,
    "companies": 0.966,
    "leetCodeScore": 62.2,
    "priority": 4,
    "id": 11,
    "topic": "array",
    "routines": [
      "greedy",
      "two-pointers"
    ]
  },
  {
    "slug": "letter-combinations-of-a-phone-number",
    "title": "Letter Combinations of a Phone Number",
    "url": "https://leetcode.com/problems/letter-combinations-of-a-phone-number",
    "duration": 30,
    "epi": 3,
    "difficulty": "Medium",
    "premium": false,
    "frequency": 0.975,
    "likes": 0.622,
    "companies": 0.995,
    "leetCodeScore": 60.3,
    "priority": 4,
    "id": 17,
    "topic": "recursion",
    "routines": [
      "backtracking"
    ]
  },
  {
    "slug": "word-search",
    "title": "Word Search",
    "url": "https://leetcode.com/problems/word-search",
    "duration": 30,
    "epi": null,
    "difficulty": "Medium",
    "premium": false,
    "frequency": 0.981,
    "likes": 0.821,
    "companies": 0.99,
    "leetCodeScore": 79.7,
    "priority": 4,
    "id": 79,
    "topic": "graph",
    "routines": [
      "backtracking"
    ]
  },
  {
    "slug": "find-all-anagrams-in-a-string",
    "title": "Find All Anagrams in a String",
    "url": "https://leetcode.com/problems/find-all-anagrams-in-a-string",
    "duration": 30,
    "epi": null,
    "difficulty": "Medium",
    "premium": false,
    "frequency": 0.935,
    "likes": 0.838,
    "companies": 0.983,
    "leetCodeScore": 77,
    "priority": 4,
    "id": 438,
    "topic": "string",
    "routines": [
      "anagram"
    ]
  },
  {
    "slug": "minimum-height-trees",
    "title": "Minimum Height Trees",
    "url": "https://leetcode.com/problems/minimum-height-trees",
    "duration": 30,
    "epi": null,
    "difficulty": "Medium",
    "premium": false,
    "frequency": 0.706,
    "likes": 0.794,
    "companies": 0.808,
    "leetCodeScore": 45.3,
    "priority": 4,
    "id": 310,
    "topic": "graph",
    "routines": [
      "topo-sort"
    ]
  },
  {
    "slug": "task-scheduler",
    "title": "Task Scheduler",
    "url": "https://leetcode.com/problems/task-scheduler",
    "duration": 35,
    "epi": null,
    "difficulty": "Medium",
    "premium": false,
    "frequency": 0.852,
    "likes": 0.344,
    "companies": 0.9,
    "leetCodeScore": 26.4,
    "priority": 4,
    "id": 621,
    "topic": "heap",
    "routines": []
  },
  {
    "slug": "lru-cache",
    "title": "LRU Cache",
    "url": "https://leetcode.com/problems/lru-cache",
    "duration": 30,
    "epi": null,
    "difficulty": "Medium",
    "premium": false,
    "frequency": 1,
    "likes": 0.813,
    "companies": 0.998,
    "leetCodeScore": 81.1,
    "priority": 4,
    "id": 146,
    "topic": "linked-list",
    "routines": [
      "hash-table"
    ]
  },
  {
    "slug": "kth-smallest-element-in-a-bst",
    "title": "Kth Smallest Element in a BST",
    "url": "https://leetcode.com/problems/kth-smallest-element-in-a-bst",
    "duration": 25,
    "epi": null,
    "difficulty": "Medium",
    "premium": false,
    "frequency": 0.634,
    "likes": 0.95,
    "companies": 0.861,
    "leetCodeScore": 51.9,
    "priority": 4,
    "id": 230,
    "topic": "binary-search-tree",
    "routines": []
  },
  {
    "slug": "daily-temperatures",
    "title": "Daily Temperatures",
    "url": "https://leetcode.com/problems/daily-temperatures",
    "duration": 30,
    "epi": null,
    "difficulty": "Medium",
    "premium": false,
    "frequency": 0.93,
    "likes": 0.926,
    "companies": 0.928,
    "leetCodeScore": 79.9,
    "priority": 4,
    "id": 739,
    "topic": "stack",
    "routines": [
      "monotonic-stack"
    ]
  },
  {
    "slug": "house-robber",
    "title": "House Robber",
    "url": "https://leetcode.com/problems/house-robber",
    "duration": 25,
    "epi": null,
    "difficulty": "Medium",
    "premium": false,
    "frequency": 0.953,
    "likes": 0.935,
    "companies": 0.95,
    "leetCodeScore": 84.7,
    "priority": 4,
    "id": 198,
    "topic": "dynamic-programming",
    "routines": []
  },
  {
    "slug": "meeting-rooms",
    "title": "Meeting Rooms",
    "url": "https://leetcode.com/problems/meeting-rooms",
    "duration": 20,
    "epi": null,
    "difficulty": "Easy",
    "premium": true,
    "frequency": 0.773,
    "likes": 0.742,
    "companies": 0.861,
    "leetCodeScore": 49.4,
    "priority": 5,
    "id": 252,
    "topic": "array",
    "routines": [
      "interval"
    ]
  },
  {
    "slug": "roman-to-integer",
    "title": "Roman to Integer",
    "url": "https://leetcode.com/problems/roman-to-integer",
    "duration": 20,
    "epi": 4,
    "difficulty": "Easy",
    "premium": false,
    "frequency": 0.971,
    "likes": 0.615,
    "companies": 0.966,
    "leetCodeScore": 57.7,
    "priority": 5,
    "id": 13,
    "topic": "math",
    "routines": []
  },
  {
    "slug": "backspace-string-compare",
    "title": "Backspace String Compare",
    "url": "https://leetcode.com/problems/backspace-string-compare",
    "duration": 15,
    "epi": null,
    "difficulty": "Easy",
    "premium": false,
    "frequency": 0.812,
    "likes": 0.755,
    "companies": 0.861,
    "leetCodeScore": 52.8,
    "priority": 5,
    "id": 874,
    "topic": "stack",
    "routines": []
  },
  {
    "slug": "gas-station",
    "title": "Gas Station",
    "url": "https://leetcode.com/problems/gas-station",
    "duration": 30,
    "epi": 1,
    "difficulty": "Medium",
    "premium": false,
    "frequency": 0.98,
    "likes": 0.501,
    "companies": 0.9,
    "leetCodeScore": 44.2,
    "priority": 5,
    "id": 134,
    "topic": "array",
    "routines": [
      "greedy"
    ]
  },
  {
    "slug": "next-permutation",
    "title": "Next Permutation",
    "url": "https://leetcode.com/problems/next-permutation",
    "duration": 30,
    "epi": null,
    "difficulty": "Medium",
    "premium": false,
    "frequency": 0.991,
    "likes": 0.247,
    "companies": 0.99,
    "leetCodeScore": 24.2,
    "priority": 5,
    "id": 31,
    "topic": "recursion",
    "routines": []
  },
  {
    "slug": "valid-sudoku",
    "title": "Valid Sudoku",
    "url": "https://leetcode.com/problems/valid-sudoku",
    "duration": 35,
    "epi": 2,
    "difficulty": "Medium",
    "premium": false,
    "frequency": 0.918,
    "likes": 0.412,
    "companies": 0.928,
    "leetCodeScore": 35.1,
    "priority": 5,
    "id": 36,
    "topic": "matrix",
    "routines": []
  },
  {
    "slug": "group-anagrams",
    "title": "Group Anagrams",
    "url": "https://leetcode.com/problems/group-anagrams",
    "duration": 25,
    "epi": null,
    "difficulty": "Medium",
    "premium": false,
    "frequency": 0.983,
    "likes": 0.84,
    "companies": 0.995,
    "leetCodeScore": 82.2,
    "priority": 5,
    "id": 49,
    "topic": "string",
    "routines": [
      "anagram"
    ]
  },
  {
    "slug": "maximum-product-subarray",
    "title": "Maximum Product Subarray",
    "url": "https://leetcode.com/problems/maximum-product-subarray",
    "duration": 30,
    "epi": null,
    "difficulty": "Medium",
    "premium": false,
    "frequency": 0.898,
    "likes": 0.868,
    "companies": 0.983,
    "leetCodeScore": 76.6,
    "priority": 5,
    "id": 152,
    "topic": "dynamic-programming",
    "routines": []
  },
  {
    "slug": "design-add-and-search-words-data-structure",
    "title": "Design Add and Search Words Data Structure",
    "url": "https://leetcode.com/problems/design-add-and-search-words-data-structure",
    "duration": 35,
    "epi": null,
    "difficulty": "Medium",
    "premium": false,
    "frequency": 0.798,
    "likes": 0.791,
    "companies": 0.808,
    "leetCodeScore": 51,
    "priority": 5,
    "id": 211,
    "topic": "trie",
    "routines": []
  },
  {
    "slug": "pacific-atlantic-water-flow",
    "title": "Pacific Atlantic Water Flow",
    "url": "https://leetcode.com/problems/pacific-atlantic-water-flow",
    "duration": 30,
    "epi": null,
    "difficulty": "Medium",
    "premium": false,
    "frequency": 0.811,
    "likes": 0.307,
    "companies": 0.861,
    "leetCodeScore": 21.4,
    "priority": 5,
    "id": 417,
    "topic": "graph",
    "routines": [
      "depth-first-search",
      " breadth-first-search"
    ]
  },
  {
    "slug": "remove-nth-node-from-end-of-list",
    "title": "Remove Nth Node From End of List",
    "url": "https://leetcode.com/problems/remove-nth-node-from-end-of-list",
    "duration": 20,
    "epi": 2,
    "difficulty": "Medium",
    "premium": false,
    "frequency": 0.859,
    "likes": 0.75,
    "companies": 0.95,
    "leetCodeScore": 61.2,
    "priority": 5,
    "id": 19,
    "topic": "linked-list",
    "routines": []
  },
  {
    "slug": "shortest-path-to-get-food",
    "title": "Shortest Path to Get Food",
    "url": "https://leetcode.com/problems/shortest-path-to-get-food",
    "duration": 30,
    "epi": null,
    "difficulty": "Medium",
    "premium": true,
    "frequency": 0.664,
    "likes": 0.775,
    "companies": 0.731,
    "leetCodeScore": 37.6,
    "priority": 5,
    "id": 550,
    "topic": "graph",
    "routines": [
      "breadth-first-search"
    ]
  },
  {
    "slug": "find-the-duplicate-number",
    "title": "Find the Duplicate Number",
    "url": "https://leetcode.com/problems/find-the-duplicate-number",
    "duration": 20,
    "epi": null,
    "difficulty": "Medium",
    "premium": false,
    "frequency": 0.924,
    "likes": 0.487,
    "companies": 0.928,
    "leetCodeScore": 41.8,
    "priority": 5,
    "id": 287,
    "topic": "binary",
    "routines": []
  },
  {
    "slug": "top-k-frequent-words",
    "title": "Top K Frequent Words",
    "url": "https://leetcode.com/problems/top-k-frequent-words",
    "duration": 30,
    "epi": null,
    "difficulty": "Medium",
    "premium": false,
    "frequency": 0.961,
    "likes": 0.682,
    "companies": 0.983,
    "leetCodeScore": 64.4,
    "priority": 5,
    "id": 692,
    "topic": "heap",
    "routines": []
  },
  {
    "slug": "binary-tree-maximum-path-sum",
    "title": "Binary Tree Maximum Path Sum",
    "url": "https://leetcode.com/problems/binary-tree-maximum-path-sum",
    "duration": 35,
    "epi": null,
    "difficulty": "Hard",
    "premium": false,
    "frequency": 0.963,
    "likes": 0.677,
    "companies": 0.95,
    "leetCodeScore": 61.9,
    "priority": 5,
    "id": 124,
    "topic": "binary-tree",
    "routines": []
  },
  {
    "slug": "maximum-frequency-stack",
    "title": "Maximum Frequency Stack",
    "url": "https://leetcode.com/problems/maximum-frequency-stack",
    "duration": 40,
    "epi": null,
    "difficulty": "Hard",
    "premium": false,
    "frequency": 0.823,
    "likes": 0.97,
    "companies": 0.9,
    "leetCodeScore": 71.8,
    "priority": 5,
    "id": 931,
    "topic": "stack",
    "routines": []
  },
  {
    "slug": "counting-bits",
    "title": "Counting Bits",
    "url": "https://leetcode.com/problems/counting-bits",
    "duration": 15,
    "epi": null,
    "difficulty": "Easy",
    "premium": false,
    "frequency": 0.678,
    "likes": 0.753,
    "companies": 0.731,
    "leetCodeScore": 37.3,
    "priority": 6,
    "id": 338,
    "topic": "binary",
    "routines": []
  },
  {
    "slug": "longest-increasing-subsequence",
    "title": "Longest Increasing Subsequence",
    "url": "https://leetcode.com/problems/longest-increasing-subsequence",
    "duration": 30,
    "epi": 4,
    "difficulty": "Medium",
    "premium": false,
    "frequency": 0.903,
    "likes": 0.953,
    "companies": 0.95,
    "leetCodeScore": 81.8,
    "priority": 6,
    "id": 300,
    "topic": "dynamic-programming",
    "routines": [
      "binary-search"
    ]
  },
  {
    "slug": "graph-valid-tree",
    "title": "Graph Valid Tree",
    "url": "https://leetcode.com/problems/graph-valid-tree",
    "duration": 30,
    "epi": null,
    "difficulty": "Medium",
    "premium": true,
    "frequency": 0.716,
    "likes": 0.909,
    "companies": 0.861,
    "leetCodeScore": 56,
    "priority": 6,
    "id": 261,
    "topic": "graph",
    "routines": [
      "breadth-first-search",
      "depth-first-search"
    ]
  },
  {
    "slug": "course-schedule-ii",
    "title": "Course Schedule II",
    "url": "https://leetcode.com/problems/course-schedule-ii",
    "duration": 35,
    "epi": null,
    "difficulty": "Medium",
    "premium": false,
    "frequency": 0.965,
    "likes": 0.829,
    "companies": 0.983,
    "leetCodeScore": 78.6,
    "priority": 6,
    "id": 210,
    "topic": "graph",
    "routines": [
      "topo-sort"
    ]
  },
  {
    "slug": "swap-nodes-in-pairs",
    "title": "Swap Nodes in Pairs",
    "url": "https://leetcode.com/problems/swap-nodes-in-pairs",
    "duration": 25,
    "epi": null,
    "difficulty": "Medium",
    "premium": false,
    "frequency": 0.829,
    "likes": 0.781,
    "companies": 0.928,
    "leetCodeScore": 60.1,
    "priority": 6,
    "id": 24,
    "topic": "linked-list",
    "routines": []
  },
  {
    "slug": "path-sum-ii",
    "title": "Path Sum II",
    "url": "https://leetcode.com/problems/path-sum-ii",
    "duration": 25,
    "epi": null,
    "difficulty": "Medium",
    "premium": false,
    "frequency": 0.714,
    "likes": 0.926,
    "companies": 0.9,
    "leetCodeScore": 59.5,
    "priority": 6,
    "id": 113,
    "topic": "binary-tree",
    "routines": [
      "backtracking"
    ]
  },
  {
    "slug": "longest-consecutive-sequence",
    "title": "Longest Consecutive Sequence",
    "url": "https://leetcode.com/problems/longest-consecutive-sequence",
    "duration": 30,
    "epi": null,
    "difficulty": "Medium",
    "premium": false,
    "frequency": 0.883,
    "likes": 0.776,
    "companies": 0.966,
    "leetCodeScore": 66.2,
    "priority": 6,
    "id": 128,
    "topic": "array",
    "routines": [
      "union-find"
    ]
  },
  {
    "slug": "rotate-array",
    "title": "Rotate Array",
    "url": "https://leetcode.com/problems/rotate-array",
    "duration": 25,
    "epi": null,
    "difficulty": "Medium",
    "premium": false,
    "frequency": 0.899,
    "likes": 0.424,
    "companies": 0.95,
    "leetCodeScore": 36.2,
    "priority": 6,
    "id": 189,
    "topic": "array",
    "routines": []
  },
  {
    "slug": "odd-even-linked-list",
    "title": "Odd Even Linked List",
    "url": "https://leetcode.com/problems/odd-even-linked-list",
    "duration": 25,
    "epi": null,
    "difficulty": "Medium",
    "premium": false,
    "frequency": 0.818,
    "likes": 0.601,
    "companies": 0.808,
    "leetCodeScore": 39.7,
    "priority": 6,
    "id": 328,
    "topic": "linked-list",
    "routines": []
  },
  {
    "slug": "decode-string",
    "title": "Decode String",
    "url": "https://leetcode.com/problems/decode-string",
    "duration": 30,
    "epi": null,
    "difficulty": "Medium",
    "premium": false,
    "frequency": 0.989,
    "likes": 0.787,
    "companies": 0.983,
    "leetCodeScore": 76.5,
    "priority": 6,
    "id": 394,
    "topic": "stack",
    "routines": [
      "parsing"
    ]
  },
  {
    "slug": "contiguous-array",
    "title": "Contiguous Array",
    "url": "https://leetcode.com/problems/contiguous-array",
    "duration": 30,
    "epi": null,
    "difficulty": "Medium",
    "premium": false,
    "frequency": 0.956,
    "likes": 0.783,
    "companies": 0.9,
    "leetCodeScore": 67.4,
    "priority": 6,
    "id": 525,
    "topic": "array",
    "routines": [
      "hash-table",
      "prefix-sum"
    ]
  },
  {
    "slug": "maximum-width-of-binary-tree",
    "title": "Maximum Width of Binary Tree",
    "url": "https://leetcode.com/problems/maximum-width-of-binary-tree",
    "duration": 20,
    "epi": null,
    "difficulty": "Medium",
    "premium": false,
    "frequency": 0.842,
    "likes": 0.386,
    "companies": 0.861,
    "leetCodeScore": 28,
    "priority": 6,
    "id": 662,
    "topic": "binary-tree",
    "routines": []
  },
  {
    "slug": "find-k-closest-elements",
    "title": "Find K Closest Elements",
    "url": "https://leetcode.com/problems/find-k-closest-elements",
    "duration": 30,
    "epi": null,
    "difficulty": "Medium",
    "premium": false,
    "frequency": 0.906,
    "likes": 0.512,
    "companies": 0.9,
    "leetCodeScore": 41.7,
    "priority": 6,
    "id": 658,
    "topic": "heap",
    "routines": []
  },
  {
    "slug": "longest-repeating-character-replacement",
    "title": "Longest Repeating Character Replacement",
    "url": "https://leetcode.com/problems/longest-repeating-character-replacement",
    "duration": 30,
    "epi": null,
    "difficulty": "Medium",
    "premium": false,
    "frequency": 0.764,
    "likes": 0.808,
    "companies": 0.861,
    "leetCodeScore": 53.2,
    "priority": 6,
    "id": 424,
    "topic": "string",
    "routines": [
      "sliding-window"
    ]
  },
  {
    "slug": "median-of-two-sorted-arrays",
    "title": "Median of Two Sorted Arrays",
    "url": "https://leetcode.com/problems/median-of-two-sorted-arrays",
    "duration": 40,
    "epi": null,
    "difficulty": "Hard",
    "premium": false,
    "frequency": 0.997,
    "likes": 0.458,
    "companies": 0.99,
    "leetCodeScore": 45.2,
    "priority": 6,
    "id": 4,
    "topic": "binary-search",
    "routines": []
  },
  {
    "slug": "same-tree",
    "title": "Same Tree",
    "url": "https://leetcode.com/problems/same-tree",
    "duration": 20,
    "epi": null,
    "difficulty": "Easy",
    "premium": false,
    "frequency": 0.695,
    "likes": 0.919,
    "companies": 0.95,
    "leetCodeScore": 60.7,
    "priority": 7,
    "id": 100,
    "topic": "binary-tree",
    "routines": [
      "two-pointers"
    ]
  },
  {
    "slug": "number-of-1-bits",
    "title": "Number of 1 Bits",
    "url": "https://leetcode.com/problems/number-of-1-bits",
    "duration": 15,
    "epi": null,
    "difficulty": "Easy",
    "premium": false,
    "frequency": 0.674,
    "likes": 0.276,
    "companies": 0.861,
    "leetCodeScore": 16,
    "priority": 7,
    "id": 191,
    "topic": "binary",
    "routines": []
  },
  {
    "slug": "longest-common-prefix",
    "title": "Longest Common Prefix",
    "url": "https://leetcode.com/problems/longest-common-prefix",
    "duration": 20,
    "epi": null,
    "difficulty": "Easy",
    "premium": false,
    "frequency": 0.981,
    "likes": 0.23,
    "companies": 0.966,
    "leetCodeScore": 21.8,
    "priority": 7,
    "id": 14,
    "topic": "string",
    "routines": []
  },
  {
    "slug": "inorder-successor-in-bst",
    "title": "Inorder Successor in BST",
    "url": "https://leetcode.com/problems/inorder-successor-in-bst",
    "duration": 30,
    "epi": 1,
    "difficulty": "Medium",
    "premium": true,
    "frequency": 0.749,
    "likes": 0.824,
    "companies": 0.808,
    "leetCodeScore": 49.9,
    "priority": 7,
    "id": 285,
    "topic": "binary-search-tree",
    "routines": []
  },
  {
    "slug": "jump-game",
    "title": "Jump Game",
    "url": "https://leetcode.com/problems/jump-game",
    "duration": 20,
    "epi": null,
    "difficulty": "Medium",
    "premium": false,
    "frequency": 0.947,
    "likes": 0.677,
    "companies": 0.966,
    "leetCodeScore": 61.9,
    "priority": 7,
    "id": 55,
    "topic": "dynamic-programming",
    "routines": []
  },
  {
    "slug": "add-two-numbers",
    "title": "Add Two Numbers",
    "url": "https://leetcode.com/problems/add-two-numbers",
    "duration": 25,
    "epi": null,
    "difficulty": "Medium",
    "premium": false,
    "frequency": 0.996,
    "likes": 0.325,
    "companies": 0.966,
    "leetCodeScore": 31.3,
    "priority": 7,
    "id": 2,
    "topic": "linked-list",
    "routines": []
  },
  {
    "slug": "generate-parentheses",
    "title": "Generate Parentheses",
    "url": "https://leetcode.com/problems/generate-parentheses",
    "duration": 25,
    "epi": null,
    "difficulty": "Medium",
    "premium": false,
    "frequency": 0.979,
    "likes": 0.816,
    "companies": 0.966,
    "leetCodeScore": 77.2,
    "priority": 7,
    "id": 22,
    "topic": "recursion",
    "routines": [
      "backtracking"
    ]
  },
  {
    "slug": "sort-list",
    "title": "Sort List",
    "url": "https://leetcode.com/problems/sort-list",
    "duration": 25,
    "epi": 3,
    "difficulty": "Medium",
    "premium": false,
    "frequency": 0.81,
    "likes": 0.856,
    "companies": 0.808,
    "leetCodeScore": 56,
    "priority": 7,
    "id": 148,
    "topic": "linked-list",
    "routines": []
  },
  {
    "slug": "number-of-connected-components-in-an-undirected-graph",
    "title": "Number of Connected Components in an Undirected Graph",
    "url": "https://leetcode.com/problems/number-of-connected-components-in-an-undirected-graph",
    "duration": 30,
    "epi": null,
    "difficulty": "Medium",
    "premium": true,
    "frequency": 0.683,
    "likes": 0.876,
    "companies": 0.861,
    "leetCodeScore": 51.5,
    "priority": 7,
    "id": 323,
    "topic": "graph",
    "routines": [
      "union-find"
    ]
  },
  {
    "slug": "minimum-knight-moves",
    "title": "Minimum Knight Moves",
    "url": "https://leetcode.com/problems/minimum-knight-moves",
    "duration": 35,
    "epi": null,
    "difficulty": "Medium",
    "premium": true,
    "frequency": 0.963,
    "likes": 0.261,
    "companies": 0.861,
    "leetCodeScore": 21.6,
    "priority": 7,
    "id": 1142,
    "topic": "graph",
    "routines": [
      "breadth-first-search",
      "matrix"
    ]
  },
  {
    "slug": "subarray-sum-equals-k",
    "title": "Subarray Sum Equals K",
    "url": "https://leetcode.com/problems/subarray-sum-equals-k",
    "duration": 35,
    "epi": null,
    "difficulty": "Medium",
    "premium": false,
    "frequency": 0.997,
    "likes": 0.864,
    "companies": 0.966,
    "leetCodeScore": 83.2,
    "priority": 7,
    "id": 560,
    "topic": "array",
    "routines": [
      "prefix-sum"
    ]
  },
  {
    "slug": "asteroid-collision",
    "title": "Asteroid Collision",
    "url": "https://leetcode.com/problems/asteroid-collision",
    "duration": 30,
    "epi": null,
    "difficulty": "Medium",
    "premium": false,
    "frequency": 0.956,
    "likes": 0.586,
    "companies": 0.928,
    "leetCodeScore": 52,
    "priority": 7,
    "id": 735,
    "topic": "stack",
    "routines": []
  },
  {
    "slug": "random-pick-with-weight",
    "title": "Random Pick with Weight",
    "url": "https://leetcode.com/problems/random-pick-with-weight",
    "duration": 25,
    "epi": null,
    "difficulty": "Medium",
    "premium": false,
    "frequency": 0.99,
    "likes": 0.252,
    "companies": 0.966,
    "leetCodeScore": 24.1,
    "priority": 7,
    "id": 912,
    "topic": "math",
    "routines": []
  },
  {
    "slug": "kth-largest-element-in-an-array",
    "title": "Kth Largest Element in an Array",
    "url": "https://leetcode.com/problems/kth-largest-element-in-an-array",
    "duration": 30,
    "epi": 1,
    "difficulty": "Medium",
    "premium": false,
    "frequency": 0.988,
    "likes": 0.694,
    "companies": 0.983,
    "leetCodeScore": 67.4,
    "priority": 7,
    "id": 215,
    "topic": "heap",
    "routines": [
      "quick-select"
    ]
  },
  {
    "slug": "longest-increasing-path-in-a-matrix",
    "title": "Longest Increasing Path in a Matrix",
    "url": "https://leetcode.com/problems/longest-increasing-path-in-a-matrix",
    "duration": 40,
    "epi": null,
    "difficulty": "Hard",
    "premium": false,
    "frequency": 0.919,
    "likes": 0.964,
    "companies": 0.928,
    "leetCodeScore": 82.2,
    "priority": 7,
    "id": 329,
    "topic": "graph",
    "routines": [
      "breadth-first-search",
      "depth-first-search",
      "topo-sort",
      "dynamic-programming"
    ]
  },
  {
    "slug": "longest-valid-parentheses",
    "title": "Longest Valid Parentheses",
    "url": "https://leetcode.com/problems/longest-valid-parentheses",
    "duration": 35,
    "epi": null,
    "difficulty": "Hard",
    "premium": false,
    "frequency": 0.911,
    "likes": 0.848,
    "companies": 0.861,
    "leetCodeScore": 66.5,
    "priority": 7,
    "id": 32,
    "topic": "stack",
    "routines": [
      "dynamic-programming"
    ]
  },
  {
    "slug": "design-in-memory-file-system",
    "title": "Design In-Memory File System",
    "url": "https://leetcode.com/problems/design-in-memory-file-system",
    "duration": 40,
    "epi": null,
    "difficulty": "Hard",
    "premium": true,
    "frequency": 0.992,
    "likes": 0.466,
    "companies": 0.9,
    "leetCodeScore": 41.6,
    "priority": 7,
    "id": 588,
    "topic": "trie",
    "routines": []
  },
  {
    "slug": "employee-free-time",
    "title": "Employee Free Time",
    "url": "https://leetcode.com/problems/employee-free-time",
    "duration": 35,
    "epi": null,
    "difficulty": "Hard",
    "premium": true,
    "frequency": 0.962,
    "likes": 0.645,
    "companies": 0.928,
    "leetCodeScore": 57.6,
    "priority": 7,
    "id": 761,
    "topic": "array",
    "routines": [
      "interval"
    ]
  },
  {
    "slug": "single-number",
    "title": "Single Number",
    "url": "https://leetcode.com/problems/single-number",
    "duration": 15,
    "epi": null,
    "difficulty": "Easy",
    "premium": false,
    "frequency": 0.864,
    "likes": 0.836,
    "companies": 0.928,
    "leetCodeScore": 67,
    "priority": 8,
    "id": 136,
    "topic": "binary",
    "routines": []
  },
  {
    "slug": "palindrome-linked-list",
    "title": "Palindrome Linked List",
    "url": "https://leetcode.com/problems/palindrome-linked-list",
    "duration": 20,
    "epi": 4,
    "difficulty": "Easy",
    "premium": false,
    "frequency": 0.923,
    "likes": 0.655,
    "companies": 0.928,
    "leetCodeScore": 56.1,
    "priority": 8,
    "id": 234,
    "topic": "linked-list",
    "routines": [
      "palindrome"
    ]
  },
  {
    "slug": "move-zeroes",
    "title": "Move Zeroes",
    "url": "https://leetcode.com/problems/move-zeroes",
    "duration": 20,
    "epi": null,
    "difficulty": "Easy",
    "premium": false,
    "frequency": 0.9,
    "likes": 0.899,
    "companies": 0.966,
    "leetCodeScore": 78.2,
    "priority": 8,
    "id": 283,
    "topic": "array",
    "routines": [
      "two-pointers"
    ]
  },
  {
    "slug": "maximal-square",
    "title": "Maximal Square",
    "url": "https://leetcode.com/problems/maximal-square",
    "duration": 30,
    "epi": null,
    "difficulty": "Medium",
    "premium": false,
    "frequency": 0.951,
    "likes": 0.94,
    "companies": 0.928,
    "leetCodeScore": 83,
    "priority": 8,
    "id": 221,
    "topic": "dynamic-programming",
    "routines": [
      "matrix"
    ]
  },
  {
    "slug": "rotate-image",
    "title": "Rotate Image",
    "url": "https://leetcode.com/problems/rotate-image",
    "duration": 25,
    "epi": null,
    "difficulty": "Medium",
    "premium": false,
    "frequency": 0.966,
    "likes": 0.699,
    "companies": 0.966,
    "leetCodeScore": 65.2,
    "priority": 8,
    "id": 48,
    "topic": "matrix",
    "routines": []
  },
  {
    "slug": "binary-tree-zigzag-level-order-traversal",
    "title": "Binary Tree Zigzag Level Order Traversal",
    "url": "https://leetcode.com/problems/binary-tree-zigzag-level-order-traversal",
    "duration": 25,
    "epi": null,
    "difficulty": "Medium",
    "premium": false,
    "frequency": 0.921,
    "likes": 0.875,
    "companies": 0.966,
    "leetCodeScore": 77.8,
    "priority": 8,
    "id": 103,
    "topic": "binary-tree",
    "routines": []
  },
  {
    "slug": "design-hit-counter",
    "title": "Design Hit Counter",
    "url": "https://leetcode.com/problems/design-hit-counter",
    "duration": 30,
    "epi": null,
    "difficulty": "Medium",
    "premium": true,
    "frequency": 0.964,
    "likes": 0.557,
    "companies": 0.9,
    "leetCodeScore": 48.3,
    "priority": 8,
    "id": 362,
    "topic": "queue",
    "routines": []
  },
  {
    "slug": "path-sum-iii",
    "title": "Path Sum III",
    "url": "https://leetcode.com/problems/path-sum-iii",
    "duration": 35,
    "epi": null,
    "difficulty": "Medium",
    "premium": false,
    "frequency": 0.815,
    "likes": 0.734,
    "companies": 0.808,
    "leetCodeScore": 48.3,
    "priority": 8,
    "id": 437,
    "topic": "binary-tree",
    "routines": []
  },
  {
    "slug": "powx-n",
    "title": "Pow(x, n)",
    "url": "https://leetcode.com/problems/powx-n",
    "duration": 20,
    "epi": null,
    "difficulty": "Medium",
    "premium": false,
    "frequency": 0.982,
    "likes": 0.109,
    "companies": 0.99,
    "leetCodeScore": 10.6,
    "priority": 8,
    "id": 50,
    "topic": "math",
    "routines": []
  },
  {
    "slug": "search-a-2d-matrix",
    "title": "Search a 2D Matrix",
    "url": "https://leetcode.com/problems/search-a-2d-matrix",
    "duration": 30,
    "epi": null,
    "difficulty": "Medium",
    "premium": false,
    "frequency": 0.926,
    "likes": 0.813,
    "companies": 0.928,
    "leetCodeScore": 69.9,
    "priority": 8,
    "id": 74,
    "topic": "binary-search",
    "routines": []
  },
  {
    "slug": "largest-number",
    "title": "Largest Number",
    "url": "https://leetcode.com/problems/largest-number",
    "duration": 20,
    "epi": null,
    "difficulty": "Medium",
    "premium": false,
    "frequency": 0.884,
    "likes": 0.559,
    "companies": 0.983,
    "leetCodeScore": 48.6,
    "priority": 8,
    "id": 179,
    "topic": "string",
    "routines": [
      "greedy"
    ]
  },
  {
    "slug": "word-search-ii",
    "title": "Word Search II",
    "url": "https://leetcode.com/problems/word-search-ii",
    "duration": 40,
    "epi": null,
    "difficulty": "Hard",
    "premium": false,
    "frequency": 0.978,
    "likes": 0.836,
    "companies": 0.983,
    "leetCodeScore": 80.4,
    "priority": 8,
    "id": 212,
    "topic": "graph",
    "routines": [
      "backtracking"
    ]
  },
  {
    "slug": "alien-dictionary",
    "title": "Alien Dictionary",
    "url": "https://leetcode.com/problems/alien-dictionary",
    "duration": 45,
    "epi": null,
    "difficulty": "Hard",
    "premium": true,
    "frequency": 0.965,
    "likes": 0.33,
    "companies": 0.966,
    "leetCodeScore": 30.8,
    "priority": 8,
    "id": 269,
    "topic": "graph",
    "routines": [
      "topo-sort"
    ]
  },
  {
    "slug": "bus-routes",
    "title": "Bus Routes",
    "url": "https://leetcode.com/problems/bus-routes",
    "duration": 45,
    "epi": null,
    "difficulty": "Hard",
    "premium": false,
    "frequency": 0.995,
    "likes": 0.903,
    "companies": 0.861,
    "leetCodeScore": 77.4,
    "priority": 8,
    "id": 833,
    "topic": "graph",
    "routines": [
      "depth-first-search",
      "union-find"
    ]
  },
  {
    "slug": "symmetric-tree",
    "title": "Symmetric Tree",
    "url": "https://leetcode.com/problems/symmetric-tree",
    "duration": 20,
    "epi": 2,
    "difficulty": "Easy",
    "premium": false,
    "frequency": 0.828,
    "likes": 0.914,
    "companies": 0.95,
    "leetCodeScore": 71.9,
    "priority": 9,
    "id": 101,
    "topic": "binary-tree",
    "routines": []
  },
  {
    "slug": "missing-number",
    "title": "Missing Number",
    "url": "https://leetcode.com/problems/missing-number",
    "duration": 15,
    "epi": null,
    "difficulty": "Easy",
    "premium": false,
    "frequency": 0.847,
    "likes": 0.197,
    "companies": 0.966,
    "leetCodeScore": 16.1,
    "priority": 9,
    "id": 268,
    "topic": "binary",
    "routines": []
  },
  {
    "slug": "decode-ways",
    "title": "Decode Ways",
    "url": "https://leetcode.com/problems/decode-ways",
    "duration": 25,
    "epi": null,
    "difficulty": "Medium",
    "premium": false,
    "frequency": 0.892,
    "likes": 0.192,
    "companies": 0.983,
    "leetCodeScore": 16.8,
    "priority": 9,
    "id": 91,
    "topic": "dynamic-programming",
    "routines": []
  },
  {
    "slug": "meeting-rooms-ii",
    "title": "Meeting Rooms II",
    "url": "https://leetcode.com/problems/meeting-rooms-ii",
    "duration": 30,
    "epi": null,
    "difficulty": "Medium",
    "premium": true,
    "frequency": 0.992,
    "likes": 0.951,
    "companies": 0.966,
    "leetCodeScore": 91.1,
    "priority": 9,
    "id": 253,
    "topic": "array",
    "routines": [
      "interval"
    ]
  },
  {
    "slug": "reverse-integer",
    "title": "Reverse Integer",
    "url": "https://leetcode.com/problems/reverse-integer",
    "duration": 25,
    "epi": null,
    "difficulty": "Medium",
    "premium": false,
    "frequency": 0.974,
    "likes": 0.098,
    "companies": 0.966,
    "leetCodeScore": 9.2,
    "priority": 9,
    "id": 7,
    "topic": "math",
    "routines": []
  },
  {
    "slug": "set-matrix-zeroes",
    "title": "Set Matrix Zeroes",
    "url": "https://leetcode.com/problems/set-matrix-zeroes",
    "duration": 25,
    "epi": null,
    "difficulty": "Medium",
    "premium": false,
    "frequency": 0.863,
    "likes": 0.603,
    "companies": 0.95,
    "leetCodeScore": 49.4,
    "priority": 9,
    "id": 73,
    "topic": "matrix",
    "routines": []
  },
  {
    "slug": "reorder-list",
    "title": "Reorder List",
    "url": "https://leetcode.com/problems/reorder-list",
    "duration": 25,
    "epi": null,
    "difficulty": "Medium",
    "premium": false,
    "frequency": 0.888,
    "likes": 0.828,
    "companies": 0.928,
    "leetCodeScore": 68.2,
    "priority": 9,
    "id": 143,
    "topic": "linked-list",
    "routines": []
  },
  {
    "slug": "encode-and-decode-strings",
    "title": "Encode and Decode Strings",
    "url": "https://leetcode.com/problems/encode-and-decode-strings",
    "duration": 25,
    "epi": null,
    "difficulty": "Medium",
    "premium": true,
    "frequency": 0.52,
    "likes": 0.277,
    "companies": 0.533,
    "leetCodeScore": 7.7,
    "priority": 9,
    "id": 271,
    "topic": "string",
    "routines": []
  },
  {
    "slug": "cheapest-flights-within-k-stops",
    "title": "Cheapest Flights Within K Stops",
    "url": "https://leetcode.com/problems/cheapest-flights-within-k-stops",
    "duration": 45,
    "epi": null,
    "difficulty": "Medium",
    "premium": false,
    "frequency": 0.892,
    "likes": 0.792,
    "companies": 0.9,
    "leetCodeScore": 63.6,
    "priority": 9,
    "id": 803,
    "topic": "graph",
    "routines": [
      "depth-first-search"
    ]
  },
  {
    "slug": "all-nodes-distance-k-in-binary-tree",
    "title": "All Nodes Distance K in Binary Tree",
    "url": "https://leetcode.com/problems/all-nodes-distance-k-in-binary-tree",
    "duration": 25,
    "epi": null,
    "difficulty": "Medium",
    "premium": false,
    "frequency": 0.949,
    "likes": 0.94,
    "companies": 0.928,
    "leetCodeScore": 82.8,
    "priority": 9,
    "id": 893,
    "topic": "binary-tree",
    "routines": [
      "breadth-first-search"
    ]
  },
  {
    "slug": "sliding-window-maximum",
    "title": "Sliding Window Maximum",
    "url": "https://leetcode.com/problems/sliding-window-maximum",
    "duration": 35,
    "epi": null,
    "difficulty": "Hard",
    "premium": false,
    "frequency": 0.98,
    "likes": 0.838,
    "companies": 0.983,
    "leetCodeScore": 80.7,
    "priority": 9,
    "id": 239,
    "topic": "array",
    "routines": [
      "sliding-window"
    ]
  },
  {
    "slug": "palindrome-number",
    "title": "Palindrome Number",
    "url": "https://leetcode.com/problems/palindrome-number",
    "duration": 15,
    "epi": 4,
    "difficulty": "Easy",
    "premium": false,
    "frequency": 0.975,
    "likes": 0.232,
    "companies": 0.95,
    "leetCodeScore": 21.5,
    "priority": 10,
    "id": 9,
    "topic": "math",
    "routines": [
      "palindrome"
    ]
  },
  {
    "slug": "convert-sorted-array-to-binary-search-tree",
    "title": "Convert Sorted Array to Binary Search Tree",
    "url": "https://leetcode.com/problems/convert-sorted-array-to-binary-search-tree",
    "duration": 20,
    "epi": 3,
    "difficulty": "Easy",
    "premium": false,
    "frequency": 0.668,
    "likes": 0.683,
    "companies": 0.808,
    "leetCodeScore": 36.9,
    "priority": 10,
    "id": 108,
    "topic": "binary-search-tree",
    "routines": []
  },
  {
    "slug": "reverse-bits",
    "title": "Reverse Bits",
    "url": "https://leetcode.com/problems/reverse-bits",
    "duration": 15,
    "epi": null,
    "difficulty": "Easy",
    "premium": false,
    "frequency": 0.613,
    "likes": 0.279,
    "companies": 0.533,
    "leetCodeScore": 9.1,
    "priority": 10,
    "id": 190,
    "topic": "binary",
    "routines": []
  },
  {
    "slug": "subtree-of-another-tree",
    "title": "Subtree of Another Tree",
    "url": "https://leetcode.com/problems/subtree-of-another-tree",
    "duration": 20,
    "epi": null,
    "difficulty": "Easy",
    "premium": false,
    "frequency": 0.644,
    "likes": 0.721,
    "companies": 0.731,
    "leetCodeScore": 33.9,
    "priority": 10,
    "id": 572,
    "topic": "binary-tree",
    "routines": []
  },
  {
    "slug": "squares-of-a-sorted-array",
    "title": "Squares of a Sorted Array",
    "url": "https://leetcode.com/problems/squares-of-a-sorted-array",
    "duration": 20,
    "epi": null,
    "difficulty": "Easy",
    "premium": false,
    "frequency": 0.848,
    "likes": 0.875,
    "companies": 0.9,
    "leetCodeScore": 66.8,
    "priority": 10,
    "id": 1019,
    "topic": "array",
    "routines": []
  },
  {
    "slug": "3sum-closest",
    "title": "3Sum Closest",
    "url": "https://leetcode.com/problems/3sum-closest",
    "duration": 30,
    "epi": null,
    "difficulty": "Medium",
    "premium": false,
    "frequency": 0.914,
    "likes": 0.783,
    "companies": 0.966,
    "leetCodeScore": 69.1,
    "priority": 10,
    "id": 16,
    "topic": "array",
    "routines": [
      "two-pointers"
    ]
  },
  {
    "slug": "rotate-list",
    "title": "Rotate List",
    "url": "https://leetcode.com/problems/rotate-list",
    "duration": 25,
    "epi": null,
    "difficulty": "Medium",
    "premium": false,
    "frequency": 0.729,
    "likes": 0.285,
    "companies": 0.808,
    "leetCodeScore": 16.8,
    "priority": 10,
    "id": 61,
    "topic": "linked-list",
    "routines": []
  },
  {
    "slug": "find-minimum-in-rotated-sorted-array",
    "title": "Find Minimum in Rotated Sorted Array",
    "url": "https://leetcode.com/problems/find-minimum-in-rotated-sorted-array",
    "duration": 30,
    "epi": null,
    "difficulty": "Medium",
    "premium": false,
    "frequency": 0.756,
    "likes": 0.666,
    "companies": 0.966,
    "leetCodeScore": 48.6,
    "priority": 10,
    "id": 153,
    "topic": "binary-search",
    "routines": []
  },
  {
    "slug": "basic-calculator-ii",
    "title": "Basic Calculator II",
    "url": "https://leetcode.com/problems/basic-calculator-ii",
    "duration": 30,
    "epi": null,
    "difficulty": "Medium",
    "premium": false,
    "frequency": 0.985,
    "likes": 0.445,
    "companies": 0.9,
    "leetCodeScore": 39.4,
    "priority": 10,
    "id": 227,
    "topic": "stack",
    "routines": [
      "parsing"
    ]
  },
  {
    "slug": "combination-sum-iv",
    "title": "Combination Sum IV",
    "url": "https://leetcode.com/problems/combination-sum-iv",
    "duration": 35,
    "epi": null,
    "difficulty": "Medium",
    "premium": false,
    "frequency": 0.642,
    "likes": 0.475,
    "companies": 0.808,
    "leetCodeScore": 24.6,
    "priority": 10,
    "id": 377,
    "topic": "dynamic-programming",
    "routines": []
  },
  {
    "slug": "insert-delete-getrandom-o1",
    "title": "Insert Delete GetRandom O(1)",
    "url": "https://leetcode.com/problems/insert-delete-getrandom-o1",
    "duration": 20,
    "epi": null,
    "difficulty": "Medium",
    "premium": false,
    "frequency": 0.987,
    "likes": 0.71,
    "companies": 0.99,
    "leetCodeScore": 69.4,
    "priority": 10,
    "id": 380,
    "topic": "hash-table",
    "routines": []
  },
  {
    "slug": "non-overlapping-intervals",
    "title": "Non-overlapping Intervals",
    "url": "https://leetcode.com/problems/non-overlapping-intervals",
    "duration": 20,
    "epi": null,
    "difficulty": "Medium",
    "premium": false,
    "frequency": 0.735,
    "likes": 0.894,
    "companies": 0.731,
    "leetCodeScore": 48,
    "priority": 10,
    "id": 435,
    "topic": "array",
    "routines": [
      "interval",
      "greedy",
      "sorting"
    ]
  },
  {
    "slug": "palindrome-pairs",
    "title": "Palindrome Pairs",
    "url": "https://leetcode.com/problems/palindrome-pairs",
    "duration": 40,
    "epi": null,
    "difficulty": "Hard",
    "premium": false,
    "frequency": 0.903,
    "likes": 0.547,
    "companies": 0.9,
    "leetCodeScore": 44.5,
    "priority": 10,
    "id": 336,
    "topic": "string",
    "routines": [
      "palindrome"
    ]
  },
  {
    "slug": "reverse-nodes-in-k-group",
    "title": "Reverse Nodes in k-Group",
    "url": "https://leetcode.com/problems/reverse-nodes-in-k-group",
    "duration": 35,
    "epi": null,
    "difficulty": "Hard",
    "premium": false,
    "frequency": 0.936,
    "likes": 0.612,
    "companies": 0.928,
    "leetCodeScore": 53.2,
    "priority": 10,
    "id": 25,
    "topic": "linked-list",
    "routines": []
  },
  {
    "slug": "sudoku-solver",
    "title": "Sudoku Solver",
    "url": "https://leetcode.com/problems/sudoku-solver",
    "duration": 40,
    "epi": null,
    "difficulty": "Hard",
    "premium": false,
    "frequency": 0.926,
    "likes": 0.871,
    "companies": 0.95,
    "leetCodeScore": 76.6,
    "priority": 10,
    "id": 37,
    "topic": "matrix",
    "routines": [
      "backtracking"
    ]
  },
  {
    "slug": "first-missing-positive",
    "title": "First Missing Positive",
    "url": "https://leetcode.com/problems/first-missing-positive",
    "duration": 35,
    "epi": null,
    "difficulty": "Hard",
    "premium": false,
    "frequency": 0.985,
    "likes": 0.419,
    "companies": 0.928,
    "leetCodeScore": 38.3,
    "priority": 10,
    "id": 41,
    "topic": "hash-table",
    "routines": []
  },
  {
    "slug": "n-queens",
    "title": "N-Queens",
    "url": "https://leetcode.com/problems/n-queens",
    "duration": 40,
    "epi": 1,
    "difficulty": "Hard",
    "premium": false,
    "frequency": 0.949,
    "likes": 0.901,
    "companies": 0.928,
    "leetCodeScore": 79.3,
    "priority": 10,
    "id": 51,
    "topic": "recursion",
    "routines": [
      "backtracking"
    ]
  },
  {
    "slug": "smallest-range-covering-elements-from-k-lists",
    "title": "Smallest Range Covering Elements from K Lists",
    "url": "https://leetcode.com/problems/smallest-range-covering-elements-from-k-lists",
    "duration": 40,
    "epi": null,
    "difficulty": "Hard",
    "premium": false,
    "frequency": 0.814,
    "likes": 0.966,
    "companies": 0.808,
    "leetCodeScore": 63.5,
    "priority": 10,
    "id": 632,
    "topic": "heap",
    "routines": [
      "greedy",
      "sliding-window"
    ]
  }
]