[
  {
    "problem": "Concatenation of Array",
    "pattern": "Arrays & Hashing",
    "link": "concatenation-of-array/",
    "video": "68isPRHgcFQ",
    "difficulty": "Easy",
    "code": "1929-concatenation-of-array",
    "neetcode250": true,
    "ncLink": "concatenation-of-array/"
  },
  {
    "problem": "Contains Duplicate",
    "pattern": "Arrays & Hashing",
    "link": "contains-duplicate/",
    "video": "3OamzN90kPg",
    "difficulty": "Easy",
    "code": "0217-contains-duplicate",
    "neetcode150": true,
    "blind75": true,
    "neetcode250": true,
    "ncLink": "duplicate-integer/"
  },
  {
    "problem": "Valid Anagram",
    "pattern": "Arrays & Hashing",
    "link": "valid-anagram/",
    "video": "9UtInBqnCgA",
    "difficulty": "Easy",
    "code": "0242-valid-anagram",
    "neetcode150": true,
    "blind75": true,
    "neetcode250": true,
    "ncLink": "is-anagram/"
  },
  {
    "problem": "Two Sum",
    "pattern": "Arrays & Hashing",
    "link": "two-sum/",
    "video": "KLlXCFG5TnA",
    "difficulty": "Easy",
    "code": "0001-two-sum",
    "neetcode150": true,
    "blind75": true,
    "neetcode250": true,
    "ncLink": "two-integer-sum/"
  },
  {
    "problem": "Longest Common Prefix",
    "pattern": "Arrays & Hashing",
    "link": "longest-common-prefix/",
    "video": "0sWShKIJoo4",
    "difficulty": "Easy",
    "code": "0014-longest-common-prefix",
    "neetcode250": true,
    "ncLink": "longest-common-prefix/"
  },
  {
    "problem": "Group Anagrams",
    "pattern": "Arrays & Hashing",
    "link": "group-anagrams/",
    "video": "vzdNOK2oB2E",
    "difficulty": "Medium",
    "code": "0049-group-anagrams",
    "neetcode150": true,
    "blind75": true,
    "neetcode250": true,
    "ncLink": "anagram-groups/"
  },
  {
    "problem": "Remove Element",
    "pattern": "Arrays & Hashing",
    "link": "remove-element/",
    "video": "Pcd1ii9P9ZI",
    "difficulty": "Easy",
    "code": "0027-remove-element",
    "neetcode250": true,
    "ncLink": "remove-element/"
  },
  {
    "problem": "Majority Element",
    "pattern": "Arrays & Hashing",
    "link": "majority-element/",
    "video": "7pnhv842keE",
    "difficulty": "Easy",
    "code": "0169-majority-element",
    "neetcode250": true,
    "ncLink": "majority-element/"
  },
  {
    "problem": "Design HashSet",
    "pattern": "Arrays & Hashing",
    "link": "design-hashset/",
    "video": "VymjPQUXjL8",
    "difficulty": "Easy",
    "code": "0705-design-hashset",
    "neetcode250": true,
    "ncLink": "design-hashset/"
  },
  {
    "problem": "Design HashMap",
    "pattern": "Arrays & Hashing",
    "link": "design-hashmap/",
    "video": "cNWsgbKwwoU",
    "difficulty": "Easy",
    "code": "0706-design-hashmap",
    "neetcode250": true,
    "ncLink": "design-hashmap/"
  },
  {
    "problem": "Sort an Array",
    "pattern": "Arrays & Hashing",
    "link": "sort-an-array/",
    "video": "MsYZSinhuFo",
    "difficulty": "Medium",
    "code": "0912-sort-an-array",
    "neetcode250": true,
    "ncLink": "sort-an-array/"
  },
  {
    "problem": "Sort Colors",
    "pattern": "Arrays & Hashing",
    "link": "sort-colors/",
    "video": "4xbWSRZHqac",
    "difficulty": "Medium",
    "code": "0075-sort-colors",
    "neetcode250": true,
    "ncLink": "sort-colors/"
  },
  {
    "problem": "Top K Frequent Elements",
    "pattern": "Arrays & Hashing",
    "link": "top-k-frequent-elements/",
    "video": "YPTqKIgVk-k",
    "difficulty": "Medium",
    "code": "0347-top-k-frequent-elements",
    "neetcode150": true,
    "blind75": true,
    "neetcode250": true,
    "ncLink": "top-k-elements-in-list/"
  },
  {
    "problem": "Encode and Decode Strings",
    "pattern": "Arrays & Hashing",
    "link": "encode-and-decode-strings/",
    "video": "B1k_sxOSgv8",
    "difficulty": "Medium",
    "code": "0271-encode-and-decode-strings",
    "neetcode150": true,
    "blind75": true,
    "neetcode250": true,
    "ncLink": "string-encode-and-decode/",
    "premium": true
  },
  {
    "problem": "Range Sum Query 2D Immutable",
    "pattern": "Arrays & Hashing",
    "link": "range-sum-query-2d-immutable/",
    "video": "KE8MQuwE2yA",
    "difficulty": "Medium",
    "code": "0304-range-sum-query-2d-immutable",
    "neetcode250": true,
    "ncLink": "range-sum-query-2d-immutable/"
  },
  {
    "problem": "Product of Array Except Self",
    "pattern": "Arrays & Hashing",
    "link": "product-of-array-except-self/",
    "video": "bNvIQI2wAjk",
    "difficulty": "Medium",
    "code": "0238-product-of-array-except-self",
    "neetcode150": true,
    "blind75": true,
    "neetcode250": true,
    "ncLink": "products-of-array-discluding-self/"
  },
  {
    "problem": "Valid Sudoku",
    "pattern": "Arrays & Hashing",
    "link": "valid-sudoku/",
    "video": "TjFXEUCMqI8",
    "difficulty": "Medium",
    "code": "0036-valid-sudoku",
    "neetcode150": true,
    "neetcode250": true,
    "ncLink": "valid-sudoku/"
  },
  {
    "problem": "Longest Consecutive Sequence",
    "pattern": "Arrays & Hashing",
    "link": "longest-consecutive-sequence/",
    "video": "P6RZZMu_maU",
    "difficulty": "Medium",
    "code": "0128-longest-consecutive-sequence",
    "neetcode150": true,
    "blind75": true,
    "neetcode250": true,
    "ncLink": "longest-consecutive-sequence/"
  },
  {
    "problem": "Best Time to Buy And Sell Stock II",
    "pattern": "Arrays & Hashing",
    "link": "best-time-to-buy-and-sell-stock-ii/",
    "video": "3SJ3pUkPQMc",
    "difficulty": "Medium",
    "code": "0122-best-time-to-buy-and-sell-stock-ii",
    "neetcode250": true,
    "ncLink": "best-time-to-buy-and-sell-stock-ii/"
  },
  {
    "problem": "Majority Element II",
    "pattern": "Arrays & Hashing",
    "link": "majority-element-ii/",
    "video": "Eua-UrQ_ANo",
    "difficulty": "Medium",
    "code": "0229-majority-element-ii",
    "neetcode250": true,
    "ncLink": "majority-element-ii/"
  },
  {
    "problem": "Subarray Sum Equals K",
    "pattern": "Arrays & Hashing",
    "link": "subarray-sum-equals-k/",
    "video": "fFVZt-6sgyo",
    "difficulty": "Medium",
    "code": "0560-subarray-sum-equals-k",
    "neetcode250": true,
    "ncLink": "subarray-sum-equals-k/"
  },
  {
    "problem": "First Missing Positive",
    "pattern": "Arrays & Hashing",
    "link": "first-missing-positive/",
    "video": "8g78yfzMlao",
    "difficulty": "Hard",
    "code": "0041-first-missing-positive",
    "neetcode250": true,
    "ncLink": "first-missing-positive/"
  },
  {
    "problem": "Reverse String",
    "pattern": "Two Pointers",
    "link": "reverse-string/",
    "video": "_d0T_2Lk2qA",
    "difficulty": "Easy",
    "code": "0344-reverse-string",
    "neetcode250": true,
    "ncLink": "reverse-string/"
  },
  {
    "problem": "Valid Palindrome",
    "pattern": "Two Pointers",
    "link": "valid-palindrome/",
    "video": "jJXJ16kPFWg",
    "difficulty": "Easy",
    "code": "0125-valid-palindrome",
    "neetcode150": true,
    "blind75": true,
    "neetcode250": true,
    "ncLink": "is-palindrome/"
  },
  {
    "problem": "Valid Palindrome II",
    "pattern": "Two Pointers",
    "link": "valid-palindrome-ii/",
    "video": "JrxRYBwG6EI",
    "difficulty": "Easy",
    "code": "0680-valid-palindrome-ii",
    "neetcode250": true,
    "ncLink": "valid-palindrome-ii/"
  },
  {
    "problem": "Merge Strings Alternately",
    "pattern": "Two Pointers",
    "link": "merge-strings-alternately/",
    "video": "LECWOvTo-Sc",
    "difficulty": "Easy",
    "code": "1768-merge-strings-alternately",
    "neetcode250": true,
    "ncLink": "merge-strings-alternately/"
  },
  {
    "problem": "Merge Sorted Array",
    "pattern": "Two Pointers",
    "link": "merge-sorted-array/",
    "video": "P1Ic85RarKY",
    "difficulty": "Easy",
    "code": "0088-merge-sorted-array",
    "neetcode250": true,
    "ncLink": "merge-sorted-array/"
  },
  {
    "problem": "Remove Duplicates From Sorted Array",
    "pattern": "Two Pointers",
    "link": "remove-duplicates-from-sorted-array/",
    "video": "DEJAZBq0FDA",
    "difficulty": "Easy",
    "code": "0026-remove-duplicates-from-sorted-array",
    "neetcode250": true,
    "ncLink": "remove-duplicates-from-sorted-array/"
  },
  {
    "problem": "Two Sum II Input Array Is Sorted",
    "pattern": "Two Pointers",
    "link": "two-sum-ii-input-array-is-sorted/",
    "video": "cQ1Oz4ckceM",
    "difficulty": "Medium",
    "code": "0167-two-sum-ii-input-array-is-sorted",
    "neetcode150": true,
    "neetcode250": true,
    "ncLink": "two-integer-sum-ii/"
  },
  {
    "problem": "3Sum",
    "pattern": "Two Pointers",
    "link": "3sum/",
    "video": "jzZsG8n2R9A",
    "difficulty": "Medium",
    "code": "0015-3sum",
    "neetcode150": true,
    "blind75": true,
    "neetcode250": true,
    "ncLink": "three-integer-sum/"
  },
  {
    "problem": "4Sum",
    "pattern": "Two Pointers",
    "link": "4sum/",
    "video": "EYeR-_1NRlQ",
    "difficulty": "Medium",
    "code": "0018-4sum",
    "neetcode250": true,
    "ncLink": "4sum/"
  },
  {
    "problem": "Rotate Array",
    "pattern": "Two Pointers",
    "link": "rotate-array/",
    "video": "BHr381Guz3Y",
    "difficulty": "Medium",
    "code": "0189-rotate-array",
    "neetcode250": true,
    "ncLink": "rotate-array/"
  },
  {
    "problem": "Container With Most Water",
    "pattern": "Two Pointers",
    "link": "container-with-most-water/",
    "video": "UuiTKBwPgAo",
    "difficulty": "Medium",
    "code": "0011-container-with-most-water",
    "neetcode150": true,
    "blind75": true,
    "neetcode250": true,
    "ncLink": "max-water-container/"
  },
  {
    "problem": "Boats to Save People",
    "pattern": "Two Pointers",
    "link": "boats-to-save-people/",
    "video": "XbaxWuHIWUs",
    "difficulty": "Medium",
    "code": "0881-boats-to-save-people",
    "neetcode250": true,
    "ncLink": "boats-to-save-people/"
  },
  {
    "problem": "Trapping Rain Water",
    "pattern": "Two Pointers",
    "link": "trapping-rain-water/",
    "video": "ZI2z5pq0TqA",
    "difficulty": "Hard",
    "code": "0042-trapping-rain-water",
    "neetcode150": true,
    "neetcode250": true,
    "ncLink": "trapping-rain-water/"
  },
  {
    "problem": "Contains Duplicate II",
    "pattern": "Sliding Window",
    "link": "contains-duplicate-ii/",
    "video": "ypn0aZ0nrL4",
    "difficulty": "Easy",
    "code": "0219-contains-duplicate-ii",
    "neetcode250": true,
    "ncLink": "contains-duplicate-ii/"
  },
  {
    "problem": "Best Time to Buy And Sell Stock",
    "pattern": "Sliding Window",
    "link": "best-time-to-buy-and-sell-stock/",
    "video": "1pkOgXD63yU",
    "difficulty": "Easy",
    "code": "0121-best-time-to-buy-and-sell-stock",
    "neetcode150": true,
    "blind75": true,
    "neetcode250": true,
    "ncLink": "buy-and-sell-crypto/"
  },
  {
    "problem": "Longest Substring Without Repeating Characters",
    "pattern": "Sliding Window",
    "link": "longest-substring-without-repeating-characters/",
    "video": "wiGpQwVHdE0",
    "difficulty": "Medium",
    "code": "0003-longest-substring-without-repeating-characters",
    "neetcode150": true,
    "blind75": true,
    "neetcode250": true,
    "ncLink": "longest-substring-without-duplicates/"
  },
  {
    "problem": "Longest Repeating Character Replacement",
    "pattern": "Sliding Window",
    "link": "longest-repeating-character-replacement/",
    "video": "gqXU1UyA8pk",
    "difficulty": "Medium",
    "code": "0424-longest-repeating-character-replacement",
    "neetcode150": true,
    "blind75": true,
    "neetcode250": true,
    "ncLink": "longest-repeating-substring-with-replacement/"
  },
  {
    "problem": "Permutation In String",
    "pattern": "Sliding Window",
    "link": "permutation-in-string/",
    "video": "UbyhOgBN834",
    "difficulty": "Medium",
    "code": "0567-permutation-in-string",
    "neetcode150": true,
    "neetcode250": true,
    "ncLink": "permutation-string/"
  },
  {
    "problem": "Minimum Size Subarray Sum",
    "pattern": "Sliding Window",
    "link": "minimum-size-subarray-sum/",
    "video": "aYqYMIqZx5s",
    "difficulty": "Medium",
    "code": "0209-minimum-size-subarray-sum",
    "neetcode250": true,
    "ncLink": "minimum-size-subarray-sum/"
  },
  {
    "problem": "Find K Closest Elements",
    "pattern": "Sliding Window",
    "link": "find-k-closest-elements/",
    "video": "o-YDQzHoaKM",
    "difficulty": "Medium",
    "code": "0658-find-k-closest-elements",
    "neetcode250": true,
    "ncLink": "find-k-closest-elements/"
  },
  {
    "problem": "Minimum Window Substring",
    "pattern": "Sliding Window",
    "link": "minimum-window-substring/",
    "video": "jSto0O4AJbM",
    "difficulty": "Hard",
    "code": "0076-minimum-window-substring",
    "neetcode150": true,
    "blind75": true,
    "neetcode250": true,
    "ncLink": "minimum-window-with-characters/"
  },
  {
    "problem": "Sliding Window Maximum",
    "pattern": "Sliding Window",
    "link": "sliding-window-maximum/",
    "video": "DfljaUwZsOk",
    "difficulty": "Hard",
    "code": "0239-sliding-window-maximum",
    "neetcode150": true,
    "neetcode250": true,
    "ncLink": "sliding-window-maximum/"
  },
  {
    "problem": "Baseball Game",
    "pattern": "Stack",
    "link": "baseball-game/",
    "video": "Id_tqGdsZQI",
    "difficulty": "Easy",
    "code": "0682-baseball-game",
    "neetcode250": true,
    "ncLink": "baseball-game/"
  },
  {
    "problem": "Valid Parentheses",
    "pattern": "Stack",
    "link": "valid-parentheses/",
    "video": "WTzjTskDFMg",
    "difficulty": "Easy",
    "code": "0020-valid-parentheses",
    "neetcode150": true,
    "blind75": true,
    "neetcode250": true,
    "ncLink": "validate-parentheses/"
  },
  {
    "problem": "Implement Stack Using Queues",
    "pattern": "Stack",
    "link": "implement-stack-using-queues/",
    "video": "rW4vm0-DLYc",
    "difficulty": "Easy",
    "code": "0225-implement-stack-using-queues",
    "neetcode250": true,
    "ncLink": "implement-stack-using-queues/"
  },
  {
    "problem": "Implement Queue using Stacks",
    "pattern": "Stack",
    "link": "implement-queue-using-stacks/",
    "video": "eanwa3ht3YQ",
    "difficulty": "Easy",
    "code": "0232-implement-queue-using-stacks",
    "neetcode250": true,
    "ncLink": "implement-queue-using-stacks/"
  },
  {
    "problem": "Min Stack",
    "pattern": "Stack",
    "link": "min-stack/",
    "video": "qkLl7nAwDPo",
    "difficulty": "Medium",
    "code": "0155-min-stack",
    "neetcode150": true,
    "neetcode250": true,
    "ncLink": "minimum-stack/"
  },
  {
    "problem": "Evaluate Reverse Polish Notation",
    "pattern": "Stack",
    "link": "evaluate-reverse-polish-notation/",
    "video": "iu0082c4HDE",
    "difficulty": "Medium",
    "code": "0150-evaluate-reverse-polish-notation",
    "neetcode150": true,
    "neetcode250": true,
    "ncLink": "evaluate-reverse-polish-notation/"
  },
  {
    "problem": "Asteroid Collision",
    "pattern": "Stack",
    "link": "asteroid-collision/",
    "video": "LN7KjRszjk4",
    "difficulty": "Medium",
    "code": "0735-asteroid-collision",
    "neetcode250": true,
    "ncLink": "asteroid-collision/"
  },
  {
    "problem": "Daily Temperatures",
    "pattern": "Stack",
    "link": "daily-temperatures/",
    "video": "cTBiBSnjO3c",
    "difficulty": "Medium",
    "code": "0739-daily-temperatures",
    "neetcode150": true,
    "neetcode250": true,
    "ncLink": "daily-temperatures/"
  },
  {
    "problem": "Online Stock Span",
    "pattern": "Stack",
    "link": "online-stock-span/",
    "video": "slYh0ZNEqSw",
    "difficulty": "Medium",
    "code": "0901-online-stock-span",
    "neetcode250": true,
    "ncLink": "online-stock-span/"
  },
  {
    "problem": "Car Fleet",
    "pattern": "Stack",
    "link": "car-fleet/",
    "video": "Pr6T-3yB9RM",
    "difficulty": "Medium",
    "code": "0853-car-fleet",
    "neetcode150": true,
    "neetcode250": true,
    "ncLink": "car-fleet/"
  },
  {
    "problem": "Simplify Path",
    "pattern": "Stack",
    "link": "simplify-path/",
    "video": "qYlHrAKJfyA",
    "difficulty": "Medium",
    "code": "0071-simplify-path",
    "neetcode250": true,
    "ncLink": "simplify-path/"
  },
  {
    "problem": "Decode String",
    "pattern": "Stack",
    "link": "decode-string/",
    "video": "qB0zZpBJlh8",
    "difficulty": "Medium",
    "code": "0394-decode-string",
    "neetcode250": true,
    "ncLink": "decode-string/"
  },
  {
    "problem": "Maximum Frequency Stack",
    "pattern": "Stack",
    "link": "maximum-frequency-stack/",
    "video": "Z6idIicFDOE",
    "difficulty": "Hard",
    "code": "0895-maximum-frequency-stack",
    "neetcode250": true,
    "ncLink": "maximum-frequency-stack/"
  },
  {
    "problem": "Largest Rectangle In Histogram",
    "pattern": "Stack",
    "link": "largest-rectangle-in-histogram/",
    "video": "zx5Sw9130L0",
    "difficulty": "Hard",
    "code": "0084-largest-rectangle-in-histogram",
    "neetcode150": true,
    "neetcode250": true,
    "ncLink": "largest-rectangle-in-histogram/"
  },
  {
    "problem": "Binary Search",
    "pattern": "Binary Search",
    "link": "binary-search/",
    "video": "s4DPM8ct1pI",
    "difficulty": "Easy",
    "code": "0704-binary-search",
    "neetcode150": true,
    "neetcode250": true,
    "ncLink": "binary-search/"
  },
  {
    "problem": "Search Insert Position",
    "pattern": "Binary Search",
    "link": "search-insert-position/",
    "video": "K-RYzDZkzCI",
    "difficulty": "Easy",
    "code": "0035-search-insert-position",
    "neetcode250": true,
    "ncLink": "search-insert-position/"
  },
  {
    "problem": "Guess Number Higher Or Lower",
    "pattern": "Binary Search",
    "link": "guess-number-higher-or-lower/",
    "video": "xW4QsTtaCa4",
    "difficulty": "Easy",
    "code": "0374-guess-number-higher-or-lower",
    "neetcode250": true,
    "ncLink": "guess-number-higher-or-lower/"
  },
  {
    "problem": "Sqrt(x)",
    "pattern": "Binary Search",
    "link": "sqrtx/",
    "video": "zdMhGxRWutQ",
    "difficulty": "Easy",
    "code": "0069-sqrtx",
    "neetcode250": true,
    "ncLink": "sqrtx/"
  },
  {
    "problem": "Search a 2D Matrix",
    "pattern": "Binary Search",
    "link": "search-a-2d-matrix/",
    "video": "Ber2pi2C0j0",
    "difficulty": "Medium",
    "code": "0074-search-a-2d-matrix",
    "neetcode150": true,
    "neetcode250": true,
    "ncLink": "search-2d-matrix/"
  },
  {
    "problem": "Koko Eating Bananas",
    "pattern": "Binary Search",
    "link": "koko-eating-bananas/",
    "video": "U2SozAs9RzA",
    "difficulty": "Medium",
    "code": "0875-koko-eating-bananas",
    "neetcode150": true,
    "neetcode250": true,
    "ncLink": "eating-bananas/"
  },
  {
    "problem": "Capacity to Ship Packages Within D Days",
    "pattern": "Binary Search",
    "link": "capacity-to-ship-packages-within-d-days/",
    "video": "ER_oLmdc-nw",
    "difficulty": "Medium",
    "code": "1011-capacity-to-ship-packages-within-d-days",
    "neetcode250": true,
    "ncLink": "capacity-to-ship-packages-within-d-days/"
  },
  {
    "problem": "Find Minimum In Rotated Sorted Array",
    "pattern": "Binary Search",
    "link": "find-minimum-in-rotated-sorted-array/",
    "video": "nIVW4P8b1VA",
    "difficulty": "Medium",
    "code": "0153-find-minimum-in-rotated-sorted-array",
    "neetcode150": true,
    "blind75": true,
    "neetcode250": true,
    "ncLink": "find-minimum-in-rotated-sorted-array/"
  },
  {
    "problem": "Search In Rotated Sorted Array",
    "pattern": "Binary Search",
    "link": "search-in-rotated-sorted-array/",
    "video": "U8XENwh8Oy8",
    "difficulty": "Medium",
    "code": "0033-search-in-rotated-sorted-array",
    "neetcode150": true,
    "blind75": true,
    "neetcode250": true,
    "ncLink": "find-target-in-rotated-sorted-array/"
  },
  {
    "problem": "Search In Rotated Sorted Array II",
    "pattern": "Binary Search",
    "link": "search-in-rotated-sorted-array-ii/",
    "video": "oUnF7o88_Xc",
    "difficulty": "Medium",
    "code": "0081-search-in-rotated-sorted-array-ii",
    "neetcode250": true,
    "ncLink": "search-in-rotated-sorted-array-ii/"
  },
  {
    "problem": "Time Based Key Value Store",
    "pattern": "Binary Search",
    "link": "time-based-key-value-store/",
    "video": "fu2cD_6E8Hw",
    "difficulty": "Medium",
    "code": "0981-time-based-key-value-store",
    "neetcode150": true,
    "neetcode250": true,
    "ncLink": "time-based-key-value-store/"
  },
  {
    "problem": "Split Array Largest Sum",
    "pattern": "Binary Search",
    "link": "split-array-largest-sum/",
    "video": "YUF3_eBdzsk",
    "difficulty": "Hard",
    "code": "0410-split-array-largest-sum",
    "neetcode250": true,
    "ncLink": "split-array-largest-sum/"
  },
  {
    "problem": "Median of Two Sorted Arrays",
    "pattern": "Binary Search",
    "link": "median-of-two-sorted-arrays/",
    "video": "q6IEA26hvXc",
    "difficulty": "Hard",
    "code": "0004-median-of-two-sorted-arrays",
    "neetcode150": true,
    "neetcode250": true,
    "ncLink": "median-of-two-sorted-arrays/"
  },
  {
    "problem": "Find in Mountain Array",
    "pattern": "Binary Search",
    "link": "find-in-mountain-array/",
    "video": "BGgYC-YkGvc",
    "difficulty": "Hard",
    "code": "1095-find-in-mountain-array",
    "neetcode250": true,
    "ncLink": "find-in-mountain-array/"
  },
  {
    "problem": "Reverse Linked List",
    "pattern": "Linked List",
    "link": "reverse-linked-list/",
    "video": "G0_I-ZF0S38",
    "difficulty": "Easy",
    "code": "0206-reverse-linked-list",
    "neetcode150": true,
    "blind75": true,
    "neetcode250": true,
    "ncLink": "reverse-a-linked-list/"
  },
  {
    "problem": "Merge Two Sorted Lists",
    "pattern": "Linked List",
    "link": "merge-two-sorted-lists/",
    "video": "XIdigk956u0",
    "difficulty": "Easy",
    "code": "0021-merge-two-sorted-lists",
    "neetcode150": true,
    "blind75": true,
    "neetcode250": true,
    "ncLink": "merge-two-sorted-linked-lists/"
  },
  {
    "problem": "Linked List Cycle",
    "pattern": "Linked List",
    "link": "linked-list-cycle/",
    "video": "gBTe7lFR3vc",
    "difficulty": "Easy",
    "code": "0141-linked-list-cycle",
    "neetcode150": true,
    "blind75": true,
    "neetcode250": true,
    "ncLink": "linked-list-cycle-detection/"
  },
  {
    "problem": "Reorder List",
    "pattern": "Linked List",
    "link": "reorder-list/",
    "video": "S5bfdUTrKLM",
    "difficulty": "Medium",
    "code": "0143-reorder-list",
    "neetcode150": true,
    "blind75": true,
    "neetcode250": true,
    "ncLink": "reorder-linked-list/"
  },
  {
    "problem": "Remove Nth Node From End of List",
    "pattern": "Linked List",
    "link": "remove-nth-node-from-end-of-list/",
    "video": "XVuQxVej6y8",
    "difficulty": "Medium",
    "code": "0019-remove-nth-node-from-end-of-list",
    "neetcode150": true,
    "blind75": true,
    "neetcode250": true,
    "ncLink": "remove-node-from-end-of-linked-list/"
  },
  {
    "problem": "Copy List With Random Pointer",
    "pattern": "Linked List",
    "link": "copy-list-with-random-pointer/",
    "video": "5Y2EiZST97Y",
    "difficulty": "Medium",
    "code": "0138-copy-list-with-random-pointer",
    "neetcode150": true,
    "neetcode250": true,
    "ncLink": "copy-linked-list-with-random-pointer/"
  },
  {
    "problem": "Add Two Numbers",
    "pattern": "Linked List",
    "link": "add-two-numbers/",
    "video": "wgFPrzTjm7s",
    "difficulty": "Medium",
    "code": "0002-add-two-numbers",
    "neetcode150": true,
    "neetcode250": true,
    "ncLink": "add-two-numbers/"
  },
  {
    "problem": "Find The Duplicate Number",
    "pattern": "Linked List",
    "link": "find-the-duplicate-number/",
    "video": "wjYnzkAhcNk",
    "difficulty": "Medium",
    "code": "0287-find-the-duplicate-number",
    "neetcode150": true,
    "neetcode250": true,
    "ncLink": "find-duplicate-integer/"
  },
  {
    "problem": "Reverse Linked List II",
    "pattern": "Linked List",
    "link": "reverse-linked-list-ii/",
    "video": "RF_M9tX4Eag",
    "difficulty": "Medium",
    "code": "0092-reverse-linked-list-ii",
    "neetcode250": true,
    "ncLink": "reverse-linked-list-ii/"
  },
  {
    "problem": "Design Circular Queue",
    "pattern": "Linked List",
    "link": "design-circular-queue/",
    "video": "aBbsfn863oA",
    "difficulty": "Medium",
    "code": "0622-design-circular-queue",
    "neetcode250": true,
    "ncLink": "design-circular-queue/"
  },
  {
    "problem": "LRU Cache",
    "pattern": "Linked List",
    "link": "lru-cache/",
    "video": "7ABFKPK2hD4",
    "difficulty": "Medium",
    "code": "0146-lru-cache",
    "neetcode150": true,
    "neetcode250": true,
    "ncLink": "lru-cache/"
  },
  {
    "problem": "LFU Cache",
    "pattern": "Linked List",
    "link": "lfu-cache/",
    "video": "bLEIHn-DgoA",
    "difficulty": "Hard",
    "code": "0460-lfu-cache",
    "neetcode250": true,
    "ncLink": "lfu-cache/"
  },
  {
    "problem": "Merge K Sorted Lists",
    "pattern": "Linked List",
    "link": "merge-k-sorted-lists/",
    "video": "q5a5OiGbT6Q",
    "difficulty": "Hard",
    "code": "0023-merge-k-sorted-lists",
    "neetcode150": true,
    "blind75": true,
    "neetcode250": true,
    "ncLink": "merge-k-sorted-linked-lists/"
  },
  {
    "problem": "Reverse Nodes In K Group",
    "pattern": "Linked List",
    "link": "reverse-nodes-in-k-group/",
    "video": "1UOPsfP85V4",
    "difficulty": "Hard",
    "code": "0025-reverse-nodes-in-k-group",
    "neetcode150": true,
    "neetcode250": true,
    "ncLink": "reverse-nodes-in-k-group/"
  },
  {
    "problem": "Binary Tree Inorder Traversal",
    "pattern": "Trees",
    "link": "binary-tree-inorder-traversal/",
    "video": "g_S5WuasWUE",
    "difficulty": "Easy",
    "code": "0094-binary-tree-inorder-traversal",
    "neetcode250": true,
    "ncLink": "binary-tree-inorder-traversal/"
  },
  {
    "problem": "Binary Tree Preorder Traversal",
    "pattern": "Trees",
    "link": "binary-tree-preorder-traversal/",
    "video": "afTpieEZXck",
    "difficulty": "Easy",
    "code": "0144-binary-tree-preorder-traversal",
    "neetcode250": true,
    "ncLink": "binary-tree-preorder-traversal/"
  },
  {
    "problem": "Binary Tree Postorder Traversal",
    "pattern": "Trees",
    "link": "binary-tree-postorder-traversal/",
    "video": "QhszUQhGGlA",
    "difficulty": "Easy",
    "code": "0145-binary-tree-postorder-traversal",
    "neetcode250": true,
    "ncLink": "binary-tree-postorder-traversal/"
  },
  {
    "problem": "Invert Binary Tree",
    "pattern": "Trees",
    "link": "invert-binary-tree/",
    "video": "OnSn2XEQ4MY",
    "difficulty": "Easy",
    "code": "0226-invert-binary-tree",
    "neetcode150": true,
    "blind75": true,
    "neetcode250": true,
    "ncLink": "invert-a-binary-tree/"
  },
  {
    "problem": "Maximum Depth of Binary Tree",
    "pattern": "Trees",
    "link": "maximum-depth-of-binary-tree/",
    "video": "hTM3phVI6YQ",
    "difficulty": "Easy",
    "code": "0104-maximum-depth-of-binary-tree",
    "neetcode150": true,
    "blind75": true,
    "neetcode250": true,
    "ncLink": "depth-of-binary-tree/"
  },
  {
    "problem": "Diameter of Binary Tree",
    "pattern": "Trees",
    "link": "diameter-of-binary-tree/",
    "video": "K81C31ytOZE",
    "difficulty": "Easy",
    "code": "0543-diameter-of-binary-tree",
    "neetcode150": true,
    "neetcode250": true,
    "ncLink": "binary-tree-diameter/"
  },
  {
    "problem": "Balanced Binary Tree",
    "pattern": "Trees",
    "link": "balanced-binary-tree/",
    "video": "QfJsau0ItOY",
    "difficulty": "Easy",
    "code": "0110-balanced-binary-tree",
    "neetcode150": true,
    "neetcode250": true,
    "ncLink": "balanced-binary-tree/"
  },
  {
    "problem": "Same Tree",
    "pattern": "Trees",
    "link": "same-tree/",
    "video": "vRbbcKXCxOw",
    "difficulty": "Easy",
    "code": "0100-same-tree",
    "neetcode150": true,
    "blind75": true,
    "neetcode250": true,
    "ncLink": "same-binary-tree/"
  },
  {
    "problem": "Subtree of Another Tree",
    "pattern": "Trees",
    "link": "subtree-of-another-tree/",
    "video": "E36O5SWp-LE",
    "difficulty": "Easy",
    "code": "0572-subtree-of-another-tree",
    "neetcode150": true,
    "blind75": true,
    "neetcode250": true,
    "ncLink": "subtree-of-a-binary-tree/"
  },
  {
    "problem": "Lowest Common Ancestor of a Binary Search Tree",
    "pattern": "Trees",
    "link": "lowest-common-ancestor-of-a-binary-search-tree/",
    "video": "gs2LMfuOR9k",
    "difficulty": "Medium",
    "code": "0235-lowest-common-ancestor-of-a-binary-search-tree",
    "neetcode150": true,
    "blind75": true,
    "neetcode250": true,
    "ncLink": "lowest-common-ancestor-in-binary-search-tree/"
  },
  {
    "problem": "Insert into a Binary Search Tree",
    "pattern": "Trees",
    "link": "insert-into-a-binary-search-tree/",
    "video": "Cpg8f79luEA",
    "difficulty": "Medium",
    "code": "0701-insert-into-a-binary-search-tree",
    "neetcode250": true,
    "ncLink": "insert-into-a-binary-search-tree/"
  },
  {
    "problem": "Delete Node in a BST",
    "pattern": "Trees",
    "link": "delete-node-in-a-bst/",
    "video": "LFzAoJJt92M",
    "difficulty": "Medium",
    "code": "0450-delete-node-in-a-bst",
    "neetcode250": true,
    "ncLink": "delete-node-in-a-bst/"
  },
  {
    "problem": "Binary Tree Level Order Traversal",
    "pattern": "Trees",
    "link": "binary-tree-level-order-traversal/",
    "video": "6ZnyEApgFYg",
    "difficulty": "Medium",
    "code": "0102-binary-tree-level-order-traversal",
    "neetcode150": true,
    "blind75": true,
    "neetcode250": true,
    "ncLink": "level-order-traversal-of-binary-tree/"
  },
  {
    "problem": "Binary Tree Right Side View",
    "pattern": "Trees",
    "link": "binary-tree-right-side-view/",
    "video": "d4zLyf32e3I",
    "difficulty": "Medium",
    "code": "0199-binary-tree-right-side-view",
    "neetcode150": true,
    "neetcode250": true,
    "ncLink": "binary-tree-right-side-view/"
  },
  {
    "problem": "Construct Quad Tree",
    "pattern": "Trees",
    "link": "construct-quad-tree/",
    "video": "UQ-1sBMV0v4",
    "difficulty": "Medium",
    "code": "0427-construct-quad-tree",
    "neetcode250": true,
    "ncLink": "construct-quad-tree/"
  },
  {
    "problem": "Count Good Nodes In Binary Tree",
    "pattern": "Trees",
    "link": "count-good-nodes-in-binary-tree/",
    "video": "7cp5imvDzl4",
    "difficulty": "Medium",
    "code": "1448-count-good-nodes-in-binary-tree",
    "neetcode150": true,
    "neetcode250": true,
    "ncLink": "count-good-nodes-in-binary-tree/"
  },
  {
    "problem": "Validate Binary Search Tree",
    "pattern": "Trees",
    "link": "validate-binary-search-tree/",
    "video": "s6ATEkipzow",
    "difficulty": "Medium",
    "code": "0098-validate-binary-search-tree",
    "neetcode150": true,
    "blind75": true,
    "neetcode250": true,
    "ncLink": "valid-binary-search-tree/"
  },
  {
    "problem": "Kth Smallest Element In a Bst",
    "pattern": "Trees",
    "link": "kth-smallest-element-in-a-bst/",
    "video": "5LUXSvjmGCw",
    "difficulty": "Medium",
    "code": "0230-kth-smallest-element-in-a-bst",
    "neetcode150": true,
    "blind75": true,
    "neetcode250": true,
    "ncLink": "kth-smallest-integer-in-bst/"
  },
  {
    "problem": "Construct Binary Tree From Preorder And Inorder Traversal",
    "pattern": "Trees",
    "link": "construct-binary-tree-from-preorder-and-inorder-traversal/",
    "video": "ihj4IQGZ2zc",
    "difficulty": "Medium",
    "code": "0105-construct-binary-tree-from-preorder-and-inorder-traversal",
    "neetcode150": true,
    "blind75": true,
    "neetcode250": true,
    "ncLink": "binary-tree-from-preorder-and-inorder-traversal/"
  },
  {
    "problem": "House Robber III",
    "pattern": "Trees",
    "link": "house-robber-iii/",
    "video": "nHR8ytpzz7c",
    "difficulty": "Medium",
    "code": "0337-house-robber-iii",
    "neetcode250": true,
    "ncLink": "house-robber-iii/"
  },
  {
    "problem": "Delete Leaves With a Given Value",
    "pattern": "Trees",
    "link": "delete-leaves-with-a-given-value/",
    "video": "FqAoYAwbwV8",
    "difficulty": "Medium",
    "code": "1325-delete-leaves-with-a-given-value",
    "neetcode250": true,
    "ncLink": "delete-leaves-with-a-given-value/"
  },
  {
    "problem": "Binary Tree Maximum Path Sum",
    "pattern": "Trees",
    "link": "binary-tree-maximum-path-sum/",
    "video": "Hr5cWUld4vU",
    "difficulty": "Hard",
    "code": "0124-binary-tree-maximum-path-sum",
    "neetcode150": true,
    "blind75": true,
    "neetcode250": true,
    "ncLink": "binary-tree-maximum-path-sum/"
  },
  {
    "problem": "Serialize And Deserialize Binary Tree",
    "pattern": "Trees",
    "link": "serialize-and-deserialize-binary-tree/",
    "video": "u4JAi2JJhI8",
    "difficulty": "Hard",
    "code": "0297-serialize-and-deserialize-binary-tree",
    "neetcode150": true,
    "blind75": true,
    "neetcode250": true,
    "ncLink": "serialize-and-deserialize-binary-tree/"
  },
  {
    "problem": "Kth Largest Element In a Stream",
    "pattern": "Heap / Priority Queue",
    "link": "kth-largest-element-in-a-stream/",
    "video": "hOjcdrqMoQ8",
    "difficulty": "Easy",
    "code": "0703-kth-largest-element-in-a-stream",
    "neetcode150": true,
    "neetcode250": true,
    "ncLink": "kth-largest-integer-in-a-stream/"
  },
  {
    "problem": "Last Stone Weight",
    "pattern": "Heap / Priority Queue",
    "link": "last-stone-weight/",
    "video": "B-QCq79-Vfw",
    "difficulty": "Easy",
    "code": "1046-last-stone-weight",
    "neetcode150": true,
    "neetcode250": true,
    "ncLink": "last-stone-weight/"
  },
  {
    "problem": "K Closest Points to Origin",
    "pattern": "Heap / Priority Queue",
    "link": "k-closest-points-to-origin/",
    "video": "rI2EBUEMfTk",
    "difficulty": "Medium",
    "code": "0973-k-closest-points-to-origin",
    "neetcode150": true,
    "neetcode250": true,
    "ncLink": "k-closest-points-to-origin/"
  },
  {
    "problem": "Kth Largest Element In An Array",
    "pattern": "Heap / Priority Queue",
    "link": "kth-largest-element-in-an-array/",
    "video": "XEmy13g1Qxc",
    "difficulty": "Medium",
    "code": "0215-kth-largest-element-in-an-array",
    "neetcode150": true,
    "neetcode250": true,
    "ncLink": "kth-largest-element-in-an-array/"
  },
  {
    "problem": "Task Scheduler",
    "pattern": "Heap / Priority Queue",
    "link": "task-scheduler/",
    "video": "s8p8ukTyA2I",
    "difficulty": "Medium",
    "code": "0621-task-scheduler",
    "neetcode150": true,
    "neetcode250": true,
    "ncLink": "task-scheduling/"
  },
  {
    "problem": "Design Twitter",
    "pattern": "Heap / Priority Queue",
    "link": "design-twitter/",
    "video": "pNichitDD2E",
    "difficulty": "Medium",
    "code": "0355-design-twitter",
    "neetcode150": true,
    "neetcode250": true,
    "ncLink": "design-twitter-feed/"
  },
  {
    "problem": "Single Threaded CPU",
    "pattern": "Heap / Priority Queue",
    "link": "single-threaded-cpu/",
    "video": "RR1n-d4oYqE",
    "difficulty": "Medium",
    "code": "1834-single-threaded-cpu",
    "neetcode250": true,
    "ncLink": "single-threaded-cpu/"
  },
  {
    "problem": "Reorganize String",
    "pattern": "Heap / Priority Queue",
    "link": "reorganize-string/",
    "video": "2g_b1aYTHeg",
    "difficulty": "Medium",
    "code": "0767-reorganize-string",
    "neetcode250": true,
    "ncLink": "reorganize-string/"
  },
  {
    "problem": "Longest Happy String",
    "pattern": "Heap / Priority Queue",
    "link": "longest-happy-string/",
    "video": "8u-H6O_XQKE",
    "difficulty": "Medium",
    "code": "1405-longest-happy-string",
    "neetcode250": true,
    "ncLink": "longest-happy-string/"
  },
  {
    "problem": "Car Pooling",
    "pattern": "Heap / Priority Queue",
    "link": "car-pooling/",
    "video": "08sn_w4LWEE",
    "difficulty": "Medium",
    "code": "1094-car-pooling",
    "neetcode250": true,
    "ncLink": "car-pooling/"
  },
  {
    "problem": "Find Median From Data Stream",
    "pattern": "Heap / Priority Queue",
    "link": "find-median-from-data-stream/",
    "video": "itmhHWaHupI",
    "difficulty": "Hard",
    "code": "0295-find-median-from-data-stream",
    "neetcode150": true,
    "blind75": true,
    "neetcode250": true,
    "ncLink": "find-median-in-a-data-stream/"
  },
  {
    "problem": "IPO",
    "pattern": "Heap / Priority Queue",
    "link": "ipo/",
    "video": "1IUzNJ6TPEM",
    "difficulty": "Hard",
    "code": "0502-ipo",
    "neetcode250": true,
    "ncLink": "ipo/"
  },
  {
    "problem": "Sum of All Subsets XOR Total",
    "pattern": "Backtracking",
    "link": "sum-of-all-subset-xor-totals/",
    "video": "LI7YR-bwNYY",
    "difficulty": "Easy",
    "code": "1863-sum-of-all-subset-xor-totals",
    "neetcode250": true,
    "ncLink": "sum-of-all-subset-xor-totals/"
  },
  {
    "problem": "Subsets",
    "pattern": "Backtracking",
    "link": "subsets/",
    "video": "REOH22Xwdkk",
    "difficulty": "Medium",
    "code": "0078-subsets",
    "neetcode150": true,
    "neetcode250": true,
    "ncLink": "subsets/"
  },
  {
    "problem": "Combination Sum",
    "pattern": "Backtracking",
    "link": "combination-sum/",
    "video": "GBKI9VSKdGg",
    "difficulty": "Medium",
    "code": "0039-combination-sum",
    "neetcode150": true,
    "blind75": true,
    "neetcode250": true,
    "ncLink": "combination-target-sum/"
  },
  {
    "problem": "Combination Sum II",
    "pattern": "Backtracking",
    "link": "combination-sum-ii/",
    "video": "FOyRpNUSFeA",
    "difficulty": "Medium",
    "code": "0040-combination-sum-ii",
    "neetcode150": true,
    "neetcode250": true,
    "ncLink": "combination-target-sum-ii/"
  },
  {
    "problem": "Combinations",
    "pattern": "Backtracking",
    "link": "combinations/",
    "video": "q0s6m7AiM7o",
    "difficulty": "Medium",
    "code": "0077-combinations",
    "neetcode250": true,
    "ncLink": "combinations/"
  },
  {
    "problem": "Permutations",
    "pattern": "Backtracking",
    "link": "permutations/",
    "video": "FZe0UqISmUw",
    "difficulty": "Medium",
    "code": "0046-permutations",
    "neetcode150": true,
    "neetcode250": true,
    "ncLink": "permutations/"
  },
  {
    "problem": "Subsets II",
    "pattern": "Backtracking",
    "link": "subsets-ii/",
    "video": "Vn2v6ajA7U0",
    "difficulty": "Medium",
    "code": "0090-subsets-ii",
    "neetcode150": true,
    "neetcode250": true,
    "ncLink": "subsets-ii/"
  },
  {
    "problem": "Permutations II",
    "pattern": "Backtracking",
    "link": "permutations-ii/",
    "video": "qhBVWf0YafA",
    "difficulty": "Medium",
    "code": "0047-permutations-ii",
    "neetcode250": true,
    "ncLink": "permutations-ii/"
  },
  {
    "problem": "Generate Parentheses",
    "pattern": "Backtracking",
    "link": "generate-parentheses/",
    "video": "s9fokUqJ76A",
    "difficulty": "Medium",
    "code": "0022-generate-parentheses",
    "neetcode150": true,
    "neetcode250": true,
    "ncLink": "generate-parentheses/"
  },
  {
    "problem": "Word Search",
    "pattern": "Backtracking",
    "link": "word-search/",
    "video": "pfiQ_PS1g8E",
    "difficulty": "Medium",
    "code": "0079-word-search",
    "neetcode150": true,
    "blind75": true,
    "neetcode250": true,
    "ncLink": "search-for-word/"
  },
  {
    "problem": "Palindrome Partitioning",
    "pattern": "Backtracking",
    "link": "palindrome-partitioning/",
    "video": "3jvWodd7ht0",
    "difficulty": "Medium",
    "code": "0131-palindrome-partitioning",
    "neetcode150": true,
    "neetcode250": true,
    "ncLink": "palindrome-partitioning/"
  },
  {
    "problem": "Letter Combinations of a Phone Number",
    "pattern": "Backtracking",
    "link": "letter-combinations-of-a-phone-number/",
    "video": "0snEunUacZY",
    "difficulty": "Medium",
    "code": "0017-letter-combinations-of-a-phone-number",
    "neetcode150": true,
    "neetcode250": true,
    "ncLink": "combinations-of-a-phone-number/"
  },
  {
    "problem": "Matchsticks to Square",
    "pattern": "Backtracking",
    "link": "matchsticks-to-square/",
    "video": "hUe0cUKV-YY",
    "difficulty": "Medium",
    "code": "0473-matchsticks-to-square",
    "neetcode250": true,
    "ncLink": "matchsticks-to-square/"
  },
  {
    "problem": "Partition to K Equal Sum Subsets",
    "pattern": "Backtracking",
    "link": "partition-to-k-equal-sum-subsets/",
    "video": "mBk4I0X46oI",
    "difficulty": "Medium",
    "code": "0698-partition-to-k-equal-sum-subsets",
    "neetcode250": true,
    "ncLink": "partition-to-k-equal-sum-subsets/"
  },
  {
    "problem": "N Queens",
    "pattern": "Backtracking",
    "link": "n-queens/",
    "video": "Ph95IHmRp5M",
    "difficulty": "Hard",
    "code": "0051-n-queens",
    "neetcode150": true,
    "neetcode250": true,
    "ncLink": "n-queens/"
  },
  {
    "problem": "N Queens II",
    "pattern": "Backtracking",
    "link": "n-queens-ii/",
    "video": "nalYyLZgvCY",
    "difficulty": "Hard",
    "code": "0052-n-queens-ii",
    "neetcode250": true,
    "ncLink": "n-queens-ii/"
  },
  {
    "problem": "Word Break II",
    "pattern": "Backtracking",
    "link": "word-break-ii/",
    "video": "QgLKdluDo08",
    "difficulty": "Hard",
    "code": "0140-word-break-ii",
    "neetcode250": true,
    "ncLink": "word-break-ii/"
  },
  {
    "problem": "Implement Trie Prefix Tree",
    "pattern": "Tries",
    "link": "implement-trie-prefix-tree/",
    "video": "oobqoCJlHA0",
    "difficulty": "Medium",
    "code": "0208-implement-trie-prefix-tree",
    "neetcode150": true,
    "blind75": true,
    "neetcode250": true,
    "ncLink": "implement-prefix-tree/"
  },
  {
    "problem": "Design Add And Search Words Data Structure",
    "pattern": "Tries",
    "link": "design-add-and-search-words-data-structure/",
    "video": "BTf05gs_8iU",
    "difficulty": "Medium",
    "code": "0211-design-add-and-search-words-data-structure",
    "neetcode150": true,
    "blind75": true,
    "neetcode250": true,
    "ncLink": "design-word-search-data-structure/"
  },
  {
    "problem": "Extra Characters in a String",
    "pattern": "Tries",
    "link": "extra-characters-in-a-string/",
    "video": "ONstwO1cD7c",
    "difficulty": "Medium",
    "code": "2707-extra-characters-in-a-string",
    "neetcode250": true,
    "ncLink": "extra-characters-in-a-string/"
  },
  {
    "problem": "Word Search II",
    "pattern": "Tries",
    "link": "word-search-ii/",
    "video": "asbcE9mZz_U",
    "difficulty": "Hard",
    "code": "0212-word-search-ii",
    "neetcode150": true,
    "blind75": true,
    "neetcode250": true,
    "ncLink": "search-for-word-ii/"
  },
  {
    "problem": "Island Perimeter",
    "pattern": "Graphs",
    "link": "island-perimeter/",
    "video": "fISIuAFRM2s",
    "difficulty": "Easy",
    "code": "0463-island-perimeter",
    "neetcode250": true,
    "ncLink": "island-perimeter/"
  },
  {
    "problem": "Verifying An Alien Dictionary",
    "pattern": "Graphs",
    "link": "verifying-an-alien-dictionary/",
    "video": "OVgPAJIyX6o",
    "difficulty": "Easy",
    "code": "0953-verifying-an-alien-dictionary",
    "neetcode250": true,
    "ncLink": "verifying-an-alien-dictionary/"
  },
  {
    "problem": "Find the Town Judge",
    "pattern": "Graphs",
    "link": "find-the-town-judge/",
    "video": "QiGaxdUINJ8",
    "difficulty": "Easy",
    "code": "0997-find-the-town-judge",
    "neetcode250": true,
    "ncLink": "find-the-town-judge/"
  },
  {
    "problem": "Number of Islands",
    "pattern": "Graphs",
    "link": "number-of-islands/",
    "video": "pV2kpPD66nE",
    "difficulty": "Medium",
    "code": "0200-number-of-islands",
    "neetcode150": true,
    "blind75": true,
    "neetcode250": true,
    "ncLink": "count-number-of-islands/"
  },
  {
    "problem": "Max Area of Island",
    "pattern": "Graphs",
    "link": "max-area-of-island/",
    "video": "iJGr1OtmH0c",
    "difficulty": "Medium",
    "code": "0695-max-area-of-island",
    "neetcode150": true,
    "neetcode250": true,
    "ncLink": "max-area-of-island/"
  },
  {
    "problem": "Clone Graph",
    "pattern": "Graphs",
    "link": "clone-graph/",
    "video": "mQeF6bN8hMk",
    "difficulty": "Medium",
    "code": "0133-clone-graph",
    "neetcode150": true,
    "blind75": true,
    "neetcode250": true,
    "ncLink": "clone-graph/"
  },
  {
    "problem": "Walls And Gates",
    "pattern": "Graphs",
    "link": "walls-and-gates/",
    "video": "e69C6xhiSQE",
    "difficulty": "Medium",
    "code": "0286-walls-and-gates",
    "neetcode150": true,
    "neetcode250": true,
    "ncLink": "islands-and-treasure/",
    "premium": true
  },
  {
    "problem": "Rotting Oranges",
    "pattern": "Graphs",
    "link": "rotting-oranges/",
    "video": "y704fEOx0s0",
    "difficulty": "Medium",
    "code": "0994-rotting-oranges",
    "neetcode150": true,
    "neetcode250": true,
    "ncLink": "rotting-fruit/"
  },
  {
    "problem": "Pacific Atlantic Water Flow",
    "pattern": "Graphs",
    "link": "pacific-atlantic-water-flow/",
    "video": "s-VkcjHqkGI",
    "difficulty": "Medium",
    "code": "0417-pacific-atlantic-water-flow",
    "neetcode150": true,
    "blind75": true,
    "neetcode250": true,
    "ncLink": "pacific-atlantic-water-flow/"
  },
  {
    "problem": "Surrounded Regions",
    "pattern": "Graphs",
    "link": "surrounded-regions/",
    "video": "9z2BunfoZ5Y",
    "difficulty": "Medium",
    "code": "0130-surrounded-regions",
    "neetcode150": true,
    "neetcode250": true,
    "ncLink": "surrounded-regions/"
  },
  {
    "problem": "Open The Lock",
    "pattern": "Graphs",
    "link": "open-the-lock/",
    "video": "Pzg3bCDY87w",
    "difficulty": "Medium",
    "code": "0752-open-the-lock",
    "neetcode250": true,
    "ncLink": "open-the-lock/"
  },
  {
    "problem": "Course Schedule",
    "pattern": "Graphs",
    "link": "course-schedule/",
    "video": "EgI5nU9etnU",
    "difficulty": "Medium",
    "code": "0207-course-schedule",
    "neetcode150": true,
    "blind75": true,
    "neetcode250": true,
    "ncLink": "course-schedule/"
  },
  {
    "problem": "Course Schedule II",
    "pattern": "Graphs",
    "link": "course-schedule-ii/",
    "video": "Akt3glAwyfY",
    "difficulty": "Medium",
    "code": "0210-course-schedule-ii",
    "neetcode150": true,
    "neetcode250": true,
    "ncLink": "course-schedule-ii/"
  },
  {
    "problem": "Graph Valid Tree",
    "pattern": "Graphs",
    "link": "graph-valid-tree/",
    "video": "bXsUuownnoQ",
    "difficulty": "Medium",
    "code": "0261-graph-valid-tree",
    "neetcode150": true,
    "blind75": true,
    "neetcode250": true,
    "ncLink": "valid-tree/",
    "premium": true
  },
  {
    "problem": "Course Schedule IV",
    "pattern": "Graphs",
    "link": "course-schedule-iv/",
    "video": "cEW05ofxhn0",
    "difficulty": "Medium",
    "code": "1462-course-schedule-iv",
    "neetcode250": true,
    "ncLink": "course-schedule-iv/"
  },
  {
    "problem": "Number of Connected Components In An Undirected Graph",
    "pattern": "Graphs",
    "link": "number-of-connected-components-in-an-undirected-graph/",
    "video": "8f1XPm4WOUc",
    "difficulty": "Medium",
    "code": "0323-number-of-connected-components-in-an-undirected-graph",
    "neetcode150": true,
    "blind75": true,
    "neetcode250": true,
    "ncLink": "count-connected-components/",
    "premium": true
  },
  {
    "problem": "Redundant Connection",
    "pattern": "Graphs",
    "link": "redundant-connection/",
    "video": "1lNK80tOTfc",
    "difficulty": "Medium",
    "code": "0684-redundant-connection",
    "neetcode150": true,
    "neetcode250": true,
    "ncLink": "redundant-connection/"
  },
  {
    "problem": "Accounts Merge",
    "pattern": "Graphs",
    "link": "accounts-merge/",
    "video": "6st4IxEF-90",
    "difficulty": "Medium",
    "code": "0721-accounts-merge",
    "neetcode250": true,
    "ncLink": "accounts-merge/"
  },
  {
    "problem": "Evaluate Division",
    "pattern": "Graphs",
    "link": "evaluate-division/",
    "video": "Uei1fwDoyKk",
    "difficulty": "Medium",
    "code": "0399-evaluate-division",
    "neetcode250": true,
    "ncLink": "evaluate-division/"
  },
  {
    "problem": "Minimum Height Trees",
    "pattern": "Graphs",
    "link": "minimum-height-trees/",
    "video": "wQGQnyv_9hI",
    "difficulty": "Medium",
    "code": "0310-minimum-height-trees",
    "neetcode250": true,
    "ncLink": "minimum-height-trees/"
  },
  {
    "problem": "Word Ladder",
    "pattern": "Graphs",
    "link": "word-ladder/",
    "video": "h9iTnkgv05E",
    "difficulty": "Hard",
    "code": "0127-word-ladder",
    "neetcode150": true,
    "neetcode250": true,
    "ncLink": "word-ladder/"
  },
  {
    "problem": "Path with Minimum Effort",
    "pattern": "Advanced Graphs",
    "link": "path-with-minimum-effort/",
    "video": "XQlxCCx2vI4",
    "difficulty": "Medium",
    "code": "1631-path-with-minimum-effort",
    "neetcode250": true,
    "ncLink": "path-with-minimum-effort/"
  },
  {
    "problem": "Network Delay Time",
    "pattern": "Advanced Graphs",
    "link": "network-delay-time/",
    "video": "EaphyqKU4PQ",
    "difficulty": "Medium",
    "code": "0743-network-delay-time",
    "neetcode150": true,
    "neetcode250": true,
    "ncLink": "network-delay-time/"
  },
  {
    "problem": "Reconstruct Itinerary",
    "pattern": "Advanced Graphs",
    "link": "reconstruct-itinerary/",
    "video": "ZyB_gQ8vqGA",
    "difficulty": "Hard",
    "code": "0332-reconstruct-itinerary",
    "neetcode150": true,
    "neetcode250": true,
    "ncLink": "reconstruct-flight-path/"
  },
  {
    "problem": "Min Cost to Connect All Points",
    "pattern": "Advanced Graphs",
    "link": "min-cost-to-connect-all-points/",
    "video": "f7JOBJIC-NA",
    "difficulty": "Medium",
    "code": "1584-min-cost-to-connect-all-points",
    "neetcode150": true,
    "neetcode250": true,
    "ncLink": "min-cost-to-connect-points/"
  },
  {
    "problem": "Swim In Rising Water",
    "pattern": "Advanced Graphs",
    "link": "swim-in-rising-water/",
    "video": "amvrKlMLuGY",
    "difficulty": "Hard",
    "code": "0778-swim-in-rising-water",
    "neetcode150": true,
    "neetcode250": true,
    "ncLink": "swim-in-rising-water/"
  },
  {
    "problem": "Alien Dictionary",
    "pattern": "Advanced Graphs",
    "link": "alien-dictionary/",
    "video": "6kTZYvNNyps",
    "difficulty": "Hard",
    "code": "0269-alien-dictionary",
    "neetcode150": true,
    "blind75": true,
    "neetcode250": true,
    "ncLink": "foreign-dictionary/",
    "premium": true
  },
  {
    "problem": "Cheapest Flights Within K Stops",
    "pattern": "Advanced Graphs",
    "link": "cheapest-flights-within-k-stops/",
    "video": "5eIK3zUdYmE",
    "difficulty": "Medium",
    "code": "0787-cheapest-flights-within-k-stops",
    "neetcode150": true,
    "neetcode250": true,
    "ncLink": "cheapest-flight-path/"
  },
  {
    "problem": "Find Critical and Pseudo Critical Edges in Minimum Spanning Tree",
    "pattern": "Advanced Graphs",
    "link": "find-critical-and-pseudo-critical-edges-in-minimum-spanning-tree/",
    "video": "83JnUxrLKJU",
    "difficulty": "Hard",
    "code": "1489-find-critical-and-pseudo-critical-edges-in-minimum-spanning-tree",
    "neetcode250": true,
    "ncLink": "find-critical-and-pseudo-critical-edges-in-minimum-spanning-tree/"
  },
  {
    "problem": "Build a Matrix With Conditions",
    "pattern": "Advanced Graphs",
    "link": "build-a-matrix-with-conditions/",
    "video": "khTKB1PzCuw",
    "difficulty": "Hard",
    "code": "2392-build-a-matrix-with-conditions",
    "neetcode250": true,
    "ncLink": "build-a-matrix-with-conditions/"
  },
  {
    "problem": "Greatest Common Divisor Traversal",
    "pattern": "Advanced Graphs",
    "link": "greatest-common-divisor-traversal/",
    "video": "jZ-RVp5CVYY",
    "difficulty": "Hard",
    "code": "2709-greatest-common-divisor-traversal",
    "neetcode250": true,
    "ncLink": "greatest-common-divisor-traversal/"
  },
  {
    "problem": "Climbing Stairs",
    "pattern": "1-D Dynamic Programming",
    "link": "climbing-stairs/",
    "video": "Y0lT9Fck7qI",
    "difficulty": "Easy",
    "code": "0070-climbing-stairs",
    "neetcode150": true,
    "blind75": true,
    "neetcode250": true,
    "ncLink": "climbing-stairs/"
  },
  {
    "problem": "Min Cost Climbing Stairs",
    "pattern": "1-D Dynamic Programming",
    "link": "min-cost-climbing-stairs/",
    "video": "ktmzAZWkEZ0",
    "difficulty": "Easy",
    "code": "0746-min-cost-climbing-stairs",
    "neetcode150": true,
    "neetcode250": true,
    "ncLink": "min-cost-climbing-stairs/"
  },
  {
    "problem": "N-th Tribonacci Number",
    "pattern": "1-D Dynamic Programming",
    "link": "n-th-tribonacci-number/",
    "video": "3lpNp5Ojvrw",
    "difficulty": "Easy",
    "code": "1137-n-th-tribonacci-number",
    "neetcode250": true,
    "ncLink": "n-th-tribonacci-number/"
  },
  {
    "problem": "House Robber",
    "pattern": "1-D Dynamic Programming",
    "link": "house-robber/",
    "video": "73r3KWiEvyk",
    "difficulty": "Medium",
    "code": "0198-house-robber",
    "neetcode150": true,
    "blind75": true,
    "neetcode250": true,
    "ncLink": "house-robber/"
  },
  {
    "problem": "House Robber II",
    "pattern": "1-D Dynamic Programming",
    "link": "house-robber-ii/",
    "video": "rWAJCfYYOvM",
    "difficulty": "Medium",
    "code": "0213-house-robber-ii",
    "neetcode150": true,
    "blind75": true,
    "neetcode250": true,
    "ncLink": "house-robber-ii/"
  },
  {
    "problem": "Longest Palindromic Substring",
    "pattern": "1-D Dynamic Programming",
    "link": "longest-palindromic-substring/",
    "video": "XYQecbcd6_c",
    "difficulty": "Medium",
    "code": "0005-longest-palindromic-substring",
    "neetcode150": true,
    "blind75": true,
    "neetcode250": true,
    "ncLink": "longest-palindromic-substring/"
  },
  {
    "problem": "Palindromic Substrings",
    "pattern": "1-D Dynamic Programming",
    "link": "palindromic-substrings/",
    "video": "4RACzI5-du8",
    "difficulty": "Medium",
    "code": "0647-palindromic-substrings",
    "neetcode150": true,
    "blind75": true,
    "neetcode250": true,
    "ncLink": "palindromic-substrings/"
  },
  {
    "problem": "Decode Ways",
    "pattern": "1-D Dynamic Programming",
    "link": "decode-ways/",
    "video": "6aEyTjOwlJU",
    "difficulty": "Medium",
    "code": "0091-decode-ways",
    "neetcode150": true,
    "blind75": true,
    "neetcode250": true,
    "ncLink": "decode-ways/"
  },
  {
    "problem": "Coin Change",
    "pattern": "1-D Dynamic Programming",
    "link": "coin-change/",
    "video": "H9bfqozjoqs",
    "difficulty": "Medium",
    "code": "0322-coin-change",
    "neetcode150": true,
    "blind75": true,
    "neetcode250": true,
    "ncLink": "coin-change/"
  },
  {
    "problem": "Maximum Product Subarray",
    "pattern": "1-D Dynamic Programming",
    "link": "maximum-product-subarray/",
    "video": "lXVy6YWFcRM",
    "difficulty": "Medium",
    "code": "0152-maximum-product-subarray",
    "neetcode150": true,
    "blind75": true,
    "neetcode250": true,
    "ncLink": "maximum-product-subarray/"
  },
  {
    "problem": "Word Break",
    "pattern": "1-D Dynamic Programming",
    "link": "word-break/",
    "video": "Sx9NNgInc3A",
    "difficulty": "Medium",
    "code": "0139-word-break",
    "neetcode150": true,
    "blind75": true,
    "neetcode250": true,
    "ncLink": "word-break/"
  },
  {
    "problem": "Longest Increasing Subsequence",
    "pattern": "1-D Dynamic Programming",
    "link": "longest-increasing-subsequence/",
    "video": "cjWnW0hdF1Y",
    "difficulty": "Medium",
    "code": "0300-longest-increasing-subsequence",
    "neetcode150": true,
    "blind75": true,
    "neetcode250": true,
    "ncLink": "longest-increasing-subsequence/"
  },
  {
    "problem": "Partition Equal Subset Sum",
    "pattern": "1-D Dynamic Programming",
    "link": "partition-equal-subset-sum/",
    "video": "IsvocB5BJhw",
    "difficulty": "Medium",
    "code": "0416-partition-equal-subset-sum",
    "neetcode150": true,
    "neetcode250": true,
    "ncLink": "partition-equal-subset-sum/"
  },
  {
    "problem": "Combination Sum IV",
    "pattern": "1-D Dynamic Programming",
    "link": "combination-sum-iv/",
    "video": "dw2nMCxG0ik",
    "difficulty": "Medium",
    "code": "0377-combination-sum-iv",
    "neetcode250": true,
    "ncLink": "combination-sum-iv/"
  },
  {
    "problem": "Perfect Squares",
    "pattern": "1-D Dynamic Programming",
    "link": "perfect-squares/",
    "video": "HLZLwjzIVGo",
    "difficulty": "Medium",
    "code": "0279-perfect-squares",
    "neetcode250": true,
    "ncLink": "perfect-squares/"
  },
  {
    "problem": "Integer Break",
    "pattern": "1-D Dynamic Programming",
    "link": "integer-break/",
    "video": "in6QbUPMJ3I",
    "difficulty": "Medium",
    "code": "0343-integer-break",
    "neetcode250": true,
    "ncLink": "integer-break/"
  },
  {
    "problem": "Stone Game III",
    "pattern": "1-D Dynamic Programming",
    "link": "stone-game-iii/",
    "video": "HsLG5QW9CFQ",
    "difficulty": "Hard",
    "code": "1406-stone-game-iii",
    "neetcode250": true,
    "ncLink": "stone-game-iii/"
  },
  {
    "problem": "Unique Paths",
    "pattern": "2-D Dynamic Programming",
    "link": "unique-paths/",
    "video": "IlEsdxuD4lY",
    "difficulty": "Medium",
    "code": "0062-unique-paths",
    "neetcode150": true,
    "blind75": true,
    "neetcode250": true,
    "ncLink": "count-paths/"
  },
  {
    "problem": "Unique Paths II",
    "pattern": "2-D Dynamic Programming",
    "link": "unique-paths-ii/",
    "video": "d3UOz7zdE4I",
    "difficulty": "Medium",
    "code": "0063-unique-paths-ii",
    "neetcode250": true,
    "ncLink": "unique-paths-ii/"
  },
  {
    "problem": "Minimum Path Sum",
    "pattern": "2-D Dynamic Programming",
    "link": "minimum-path-sum/",
    "video": "pGMsrvt0fpk",
    "difficulty": "Medium",
    "code": "0064-minimum-path-sum",
    "neetcode250": true,
    "ncLink": "minimum-path-sum/"
  },
  {
    "problem": "Longest Common Subsequence",
    "pattern": "2-D Dynamic Programming",
    "link": "longest-common-subsequence/",
    "video": "Ua0GhsJSlWM",
    "difficulty": "Medium",
    "code": "1143-longest-common-subsequence",
    "neetcode150": true,
    "blind75": true,
    "neetcode250": true,
    "ncLink": "longest-common-subsequence/"
  },
  {
    "problem": "Last Stone Weight II",
    "pattern": "2-D Dynamic Programming",
    "link": "last-stone-weight-ii/",
    "video": "gdXkkmzvR3c",
    "difficulty": "Medium",
    "code": "1049-last-stone-weight-ii",
    "neetcode250": true,
    "ncLink": "last-stone-weight-ii/"
  },
  {
    "problem": "Best Time to Buy And Sell Stock With Cooldown",
    "pattern": "2-D Dynamic Programming",
    "link": "best-time-to-buy-and-sell-stock-with-cooldown/",
    "video": "I7j0F7AHpb8",
    "difficulty": "Medium",
    "code": "0309-best-time-to-buy-and-sell-stock-with-cooldown",
    "neetcode150": true,
    "neetcode250": true,
    "ncLink": "buy-and-sell-crypto-with-cooldown/"
  },
  {
    "problem": "Coin Change II",
    "pattern": "2-D Dynamic Programming",
    "link": "coin-change-ii/",
    "video": "Mjy4hd2xgrs",
    "difficulty": "Medium",
    "code": "0518-coin-change-ii",
    "neetcode150": true,
    "neetcode250": true,
    "ncLink": "coin-change-ii/"
  },
  {
    "problem": "Target Sum",
    "pattern": "2-D Dynamic Programming",
    "link": "target-sum/",
    "video": "dwMOrl85Xes",
    "difficulty": "Medium",
    "code": "0494-target-sum",
    "neetcode150": true,
    "neetcode250": true,
    "ncLink": "target-sum/"
  },
  {
    "problem": "Interleaving String",
    "pattern": "2-D Dynamic Programming",
    "link": "interleaving-string/",
    "video": "3Rw3p9LrgvE",
    "difficulty": "Medium",
    "code": "0097-interleaving-string",
    "neetcode150": true,
    "neetcode250": true,
    "ncLink": "interleaving-string/"
  },
  {
    "problem": "Stone Game",
    "pattern": "2-D Dynamic Programming",
    "link": "stone-game/",
    "video": "uhgdXOlGYqE",
    "difficulty": "Medium",
    "code": "0877-stone-game",
    "neetcode250": true,
    "ncLink": "stone-game/"
  },
  {
    "problem": "Stone Game II",
    "pattern": "2-D Dynamic Programming",
    "link": "stone-game-ii/",
    "video": "I-z-u0zfQtg",
    "difficulty": "Medium",
    "code": "1140-stone-game-ii",
    "neetcode250": true,
    "ncLink": "stone-game-ii/"
  },
  {
    "problem": "Longest Increasing Path In a Matrix",
    "pattern": "2-D Dynamic Programming",
    "link": "longest-increasing-path-in-a-matrix/",
    "video": "wCc_nd-GiEc",
    "difficulty": "Hard",
    "code": "0329-longest-increasing-path-in-a-matrix",
    "neetcode150": true,
    "neetcode250": true,
    "ncLink": "longest-increasing-path-in-matrix/"
  },
  {
    "problem": "Distinct Subsequences",
    "pattern": "2-D Dynamic Programming",
    "link": "distinct-subsequences/",
    "video": "-RDzMJ33nx8",
    "difficulty": "Hard",
    "code": "0115-distinct-subsequences",
    "neetcode150": true,
    "neetcode250": true,
    "ncLink": "count-subsequences/"
  },
  {
    "problem": "Edit Distance",
    "pattern": "2-D Dynamic Programming",
    "link": "edit-distance/",
    "video": "XYi2-LPrwm4",
    "difficulty": "Medium",
    "code": "0072-edit-distance",
    "neetcode150": true,
    "neetcode250": true,
    "ncLink": "edit-distance/"
  },
  {
    "problem": "Burst Balloons",
    "pattern": "2-D Dynamic Programming",
    "link": "burst-balloons/",
    "video": "VFskby7lUbw",
    "difficulty": "Hard",
    "code": "0312-burst-balloons",
    "neetcode150": true,
    "neetcode250": true,
    "ncLink": "burst-balloons/"
  },
  {
    "problem": "Regular Expression Matching",
    "pattern": "2-D Dynamic Programming",
    "link": "regular-expression-matching/",
    "video": "HAA8mgxlov8",
    "difficulty": "Hard",
    "code": "0010-regular-expression-matching",
    "neetcode150": true,
    "neetcode250": true,
    "ncLink": "regular-expression-matching/"
  },
  {
    "problem": "Lemonade Change",
    "pattern": "Greedy",
    "link": "lemonade-change/",
    "video": "mSVAw0AUZgA",
    "difficulty": "Easy",
    "code": "860-lemonade-change",
    "neetcode250": true,
    "ncLink": "lemonade-change/"
  },
  {
    "problem": "Maximum Subarray",
    "pattern": "Greedy",
    "link": "maximum-subarray/",
    "video": "5WZl3MMT0Eg",
    "difficulty": "Medium",
    "code": "0053-maximum-subarray",
    "neetcode150": true,
    "blind75": true,
    "neetcode250": true,
    "ncLink": "maximum-subarray/"
  },
  {
    "problem": "Maximum Sum Circular Subarray",
    "pattern": "Greedy",
    "link": "maximum-sum-circular-subarray/",
    "video": "fxT9KjakYPM",
    "difficulty": "Medium",
    "code": "0918-maximum-sum-circular-subarray",
    "neetcode250": true,
    "ncLink": "maximum-sum-circular-subarray/"
  },
  {
    "problem": "Longest Turbulent Subarray",
    "pattern": "Greedy",
    "link": "longest-turbulent-subarray/",
    "video": "V_iHUhR8Dek",
    "difficulty": "Medium",
    "code": "0978-longest-turbulent-subarray",
    "neetcode250": true,
    "ncLink": "longest-turbulent-subarray/"
  },
  {
    "problem": "Jump Game",
    "pattern": "Greedy",
    "link": "jump-game/",
    "video": "Yan0cv2cLy8",
    "difficulty": "Medium",
    "code": "0055-jump-game",
    "neetcode150": true,
    "blind75": true,
    "neetcode250": true,
    "ncLink": "jump-game/"
  },
  {
    "problem": "Jump Game II",
    "pattern": "Greedy",
    "link": "jump-game-ii/",
    "video": "dJ7sWiOoK7g",
    "difficulty": "Medium",
    "code": "0045-jump-game-ii",
    "neetcode150": true,
    "neetcode250": true,
    "ncLink": "jump-game-ii/"
  },
  {
    "problem": "Jump Game VII",
    "pattern": "Greedy",
    "link": "jump-game-vii/",
    "video": "v1HpZUnQ4Yo",
    "difficulty": "Medium",
    "code": "1871-jump-game-vii",
    "neetcode250": true,
    "ncLink": "jump-game-vii/"
  },
  {
    "problem": "Gas Station",
    "pattern": "Greedy",
    "link": "gas-station/",
    "video": "lJwbPZGo05A",
    "difficulty": "Medium",
    "code": "0134-gas-station",
    "neetcode150": true,
    "neetcode250": true,
    "ncLink": "gas-station/"
  },
  {
    "problem": "Hand of Straights",
    "pattern": "Greedy",
    "link": "hand-of-straights/",
    "video": "amnrMCVd2YI",
    "difficulty": "Medium",
    "code": "0846-hand-of-straights",
    "neetcode150": true,
    "neetcode250": true,
    "ncLink": "hand-of-straights/"
  },
  {
    "problem": "Dota2 Senate",
    "pattern": "Greedy",
    "link": "dota2-senate/",
    "video": "zZA5KskfMuQ",
    "difficulty": "Medium",
    "code": "0649-dota2-senate",
    "neetcode250": true,
    "ncLink": "dota2-senate/"
  },
  {
    "problem": "Merge Triplets to Form Target Triplet",
    "pattern": "Greedy",
    "link": "merge-triplets-to-form-target-triplet/",
    "video": "kShkQLQZ9K4",
    "difficulty": "Medium",
    "code": "1899-merge-triplets-to-form-target-triplet",
    "neetcode150": true,
    "neetcode250": true,
    "ncLink": "merge-triplets-to-form-target/"
  },
  {
    "problem": "Partition Labels",
    "pattern": "Greedy",
    "link": "partition-labels/",
    "video": "B7m8UmZE-vw",
    "difficulty": "Medium",
    "code": "0763-partition-labels",
    "neetcode150": true,
    "neetcode250": true,
    "ncLink": "partition-labels/"
  },
  {
    "problem": "Valid Parenthesis String",
    "pattern": "Greedy",
    "link": "valid-parenthesis-string/",
    "video": "QhPdNS143Qg",
    "difficulty": "Medium",
    "code": "0678-valid-parenthesis-string",
    "neetcode150": true,
    "neetcode250": true,
    "ncLink": "valid-parenthesis-string/"
  },
  {
    "problem": "Candy",
    "pattern": "Greedy",
    "link": "candy/",
    "video": "1IzCRCcK17A",
    "difficulty": "Hard",
    "code": "135-candy",
    "neetcode250": true,
    "ncLink": "candy/"
  },
  {
    "problem": "Insert Interval",
    "pattern": "Intervals",
    "link": "insert-interval/",
    "video": "A8NUOmlwOlM",
    "difficulty": "Medium",
    "code": "0057-insert-interval",
    "neetcode150": true,
    "blind75": true,
    "neetcode250": true,
    "ncLink": "insert-new-interval/"
  },
  {
    "problem": "Merge Intervals",
    "pattern": "Intervals",
    "link": "merge-intervals/",
    "video": "44H3cEC2fFM",
    "difficulty": "Medium",
    "code": "0056-merge-intervals",
    "neetcode150": true,
    "blind75": true,
    "neetcode250": true,
    "ncLink": "merge-intervals/"
  },
  {
    "problem": "Non Overlapping Intervals",
    "pattern": "Intervals",
    "link": "non-overlapping-intervals/",
    "video": "nONCGxWoUfM",
    "difficulty": "Medium",
    "code": "0435-non-overlapping-intervals",
    "neetcode150": true,
    "blind75": true,
    "neetcode250": true,
    "ncLink": "non-overlapping-intervals/"
  },
  {
    "problem": "Meeting Rooms",
    "pattern": "Intervals",
    "link": "meeting-rooms/",
    "video": "PaJxqZVPhbg",
    "difficulty": "Easy",
    "code": "0252-meeting-rooms",
    "neetcode150": true,
    "blind75": true,
    "neetcode250": true,
    "ncLink": "meeting-schedule/",
    "premium": true
  },
  {
    "problem": "Meeting Rooms II",
    "pattern": "Intervals",
    "link": "meeting-rooms-ii/",
    "video": "FdzJmTCVyJU",
    "difficulty": "Medium",
    "code": "0253-meeting-rooms-ii",
    "neetcode150": true,
    "blind75": true,
    "neetcode250": true,
    "ncLink": "meeting-schedule-ii/",
    "premium": true
  },
  {
    "problem": "Meeting Rooms III",
    "pattern": "Intervals",
    "link": "meeting-rooms-iii/",
    "video": "2VLwjvODQbA",
    "difficulty": "Hard",
    "code": "2402-meeting-rooms-iii",
    "neetcode250": true,
    "ncLink": "meeting-rooms-iii/"
  },
  {
    "problem": "Minimum Interval to Include Each Query",
    "pattern": "Intervals",
    "link": "minimum-interval-to-include-each-query/",
    "video": "5hQ5WWW5awQ",
    "difficulty": "Hard",
    "code": "1851-minimum-interval-to-include-each-query",
    "neetcode150": true,
    "neetcode250": true,
    "ncLink": "minimum-interval-including-query/"
  },
  {
    "problem": "Excel Sheet Column Title",
    "pattern": "Math & Geometry",
    "link": "excel-sheet-column-title/",
    "video": "X_vJDpCCuoA",
    "difficulty": "Easy",
    "code": "0168-excel-sheet-column-title",
    "neetcode250": true,
    "ncLink": "excel-sheet-column-title/"
  },
  {
    "problem": "Greatest Common Divisor of Strings",
    "pattern": "Math & Geometry",
    "link": "greatest-common-divisor-of-strings/",
    "video": "i5I_wrbUdzM",
    "difficulty": "Easy",
    "code": "1071-greatest-common-divisor-of-strings",
    "neetcode250": true,
    "ncLink": "greatest-common-divisor-of-strings/"
  },
  {
    "problem": "Insert Greatest Common Divisors in Linked List",
    "pattern": "Math & Geometry",
    "link": "insert-greatest-common-divisors-in-linked-list/",
    "video": "SS_IlBrocYQ",
    "difficulty": "Medium",
    "code": "2807-insert-greatest-common-divisors-in-linked-list",
    "neetcode250": true,
    "ncLink": "insert-greatest-common-divisors-in-linked-list/"
  },
  {
    "problem": "Transpose Matrix",
    "pattern": "Math & Geometry",
    "link": "transpose-matrix/",
    "video": "DzMT3bDgVn0",
    "difficulty": "Easy",
    "code": "0867-transpose-matrix",
    "neetcode250": true,
    "ncLink": "transpose-matrix/"
  },
  {
    "problem": "Rotate Image",
    "pattern": "Math & Geometry",
    "link": "rotate-image/",
    "video": "fMSJSS7eO1w",
    "difficulty": "Medium",
    "code": "0048-rotate-image",
    "neetcode150": true,
    "blind75": true,
    "neetcode250": true,
    "ncLink": "rotate-matrix/"
  },
  {
    "problem": "Spiral Matrix",
    "pattern": "Math & Geometry",
    "link": "spiral-matrix/",
    "video": "BJnMZNwUk1M",
    "difficulty": "Medium",
    "code": "0054-spiral-matrix",
    "neetcode150": true,
    "blind75": true,
    "neetcode250": true,
    "ncLink": "spiral-matrix/"
  },
  {
    "problem": "Set Matrix Zeroes",
    "pattern": "Math & Geometry",
    "link": "set-matrix-zeroes/",
    "video": "T41rL0L3Pnw",
    "difficulty": "Medium",
    "code": "0073-set-matrix-zeroes",
    "neetcode150": true,
    "blind75": true,
    "neetcode250": true,
    "ncLink": "set-zeroes-in-matrix/"
  },
  {
    "problem": "Happy Number",
    "pattern": "Math & Geometry",
    "link": "happy-number/",
    "video": "ljz85bxOYJ0",
    "difficulty": "Easy",
    "code": "0202-happy-number",
    "neetcode150": true,
    "neetcode250": true,
    "ncLink": "non-cyclical-number/"
  },
  {
    "problem": "Plus One",
    "pattern": "Math & Geometry",
    "link": "plus-one/",
    "video": "jIaA8boiG1s",
    "difficulty": "Easy",
    "code": "0066-plus-one",
    "neetcode150": true,
    "neetcode250": true,
    "ncLink": "plus-one/"
  },
  {
    "problem": "Roman to Integer",
    "pattern": "Math & Geometry",
    "link": "roman-to-integer/",
    "video": "3jdxYj3DD98",
    "difficulty": "Easy",
    "code": "0013-roman-to-integer",
    "neetcode250": true,
    "ncLink": "roman-to-integer/"
  },
  {
    "problem": "Pow(x, n)",
    "pattern": "Math & Geometry",
    "link": "powx-n/",
    "video": "g9YQyYi4IQQ",
    "difficulty": "Medium",
    "code": "0050-powx-n",
    "neetcode150": true,
    "neetcode250": true,
    "ncLink": "pow-x-n/"
  },
  {
    "problem": "Multiply Strings",
    "pattern": "Math & Geometry",
    "link": "multiply-strings/",
    "video": "1vZswirL8Y8",
    "difficulty": "Medium",
    "code": "0043-multiply-strings",
    "neetcode150": true,
    "neetcode250": true,
    "ncLink": "multiply-strings/"
  },
  {
    "problem": "Detect Squares",
    "pattern": "Math & Geometry",
    "link": "detect-squares/",
    "video": "bahebearrDc",
    "difficulty": "Medium",
    "code": "2013-detect-squares",
    "neetcode150": true,
    "neetcode250": true,
    "ncLink": "count-squares/"
  },
  {
    "problem": "Single Number",
    "pattern": "Bit Manipulation",
    "link": "single-number/",
    "video": "qMPX1AOa83k",
    "difficulty": "Easy",
    "code": "0136-single-number",
    "neetcode150": true,
    "neetcode250": true,
    "ncLink": "single-number/"
  },
  {
    "problem": "Number of 1 Bits",
    "pattern": "Bit Manipulation",
    "link": "number-of-1-bits/",
    "video": "5Km3utixwZs",
    "difficulty": "Easy",
    "code": "0191-number-of-1-bits",
    "neetcode150": true,
    "blind75": true,
    "neetcode250": true,
    "ncLink": "number-of-one-bits/"
  },
  {
    "problem": "Counting Bits",
    "pattern": "Bit Manipulation",
    "link": "counting-bits/",
    "video": "RyBM56RIWrM",
    "difficulty": "Easy",
    "code": "0338-counting-bits",
    "neetcode150": true,
    "blind75": true,
    "neetcode250": true,
    "ncLink": "counting-bits/"
  },
  {
    "problem": "Add Binary",
    "pattern": "Bit Manipulation",
    "link": "add-binary/",
    "video": "keuWJ47xG8g",
    "difficulty": "Easy",
    "code": "0067-add-binary",
    "neetcode250": true,
    "ncLink": "add-binary/"
  },
  {
    "problem": "Reverse Bits",
    "pattern": "Bit Manipulation",
    "link": "reverse-bits/",
    "video": "UcoN6UjAI64",
    "difficulty": "Easy",
    "code": "0190-reverse-bits",
    "neetcode150": true,
    "blind75": true,
    "neetcode250": true,
    "ncLink": "reverse-bits/"
  },
  {
    "problem": "Missing Number",
    "pattern": "Bit Manipulation",
    "link": "missing-number/",
    "video": "WnPLSRLSANE",
    "difficulty": "Easy",
    "code": "0268-missing-number",
    "neetcode150": true,
    "blind75": true,
    "neetcode250": true,
    "ncLink": "missing-number/"
  },
  {
    "problem": "Sum of Two Integers",
    "pattern": "Bit Manipulation",
    "link": "sum-of-two-integers/",
    "video": "gVUrDV4tZfY",
    "difficulty": "Medium",
    "code": "0371-sum-of-two-integers",
    "neetcode150": true,
    "blind75": true,
    "neetcode250": true,
    "ncLink": "sum-of-two-integers/"
  },
  {
    "problem": "Reverse Integer",
    "pattern": "Bit Manipulation",
    "link": "reverse-integer/",
    "video": "HAgLH58IgJQ",
    "difficulty": "Medium",
    "code": "0007-reverse-integer",
    "neetcode150": true,
    "neetcode250": true,
    "ncLink": "reverse-integer/"
  },
  {
    "problem": "Bitwise AND of Numbers Range",
    "pattern": "Bit Manipulation",
    "link": "bitwise-and-of-numbers-range/",
    "video": "R3T0olAhUq0",
    "difficulty": "Medium",
    "code": "0201-bitwise-and-of-numbers-range",
    "neetcode250": true,
    "ncLink": "bitwise-and-of-numbers-range/"
  },
  {
    "problem": "Minimum Array End",
    "pattern": "Bit Manipulation",
    "link": "minimum-array-end/",
    "video": "4pP-0UpEok4",
    "difficulty": "Medium",
    "code": "3133-minimum-array-end",
    "neetcode250": true,
    "ncLink": "minimum-array-end/"
  }
]